ISO-10303-21;
HEADER;
FILE_DESCRIPTION (( 'STEP AP214' ),
    '1' );
FILE_NAME ('ag1s022.step',
    '2017-12-08T06:39:29',
    ( '' ),
    ( '(C)Panasonic Corporation 2017' ),
    '',
    '',
    '' );
FILE_SCHEMA (( 'AUTOMOTIVE_DESIGN' ));
ENDSEC;

DATA;
#1 = CARTESIAN_POINT ( 'NONE',  ( 17.64000000000000100, 0.5000000000000000000, 5.580000000000000100 ) ) ;
#2 = EDGE_CURVE ( 'NONE', #561, #1617, #870, .T. ) ;
#3 = VERTEX_POINT ( 'NONE', #17 ) ;
#4 = ORIENTED_EDGE ( 'NONE', *, *, #980, .F. ) ;
#5 = ORIENTED_EDGE ( 'NONE', *, *, #1109, .T. ) ;
#6 = CARTESIAN_POINT ( 'NONE',  ( -9.500000000000000000, 0.0000000000000000000, -6.049999999999999800 ) ) ;
#7 = LINE ( 'NONE', #450, #1654 ) ;
#8 = AXIS2_PLACEMENT_3D ( 'NONE', #1046, #846, #1662 ) ;
#9 = DIRECTION ( 'NONE',  ( -4.336808689942020200E-016, 0.0000000000000000000, -1.000000000000000000 ) ) ;
#10 = ORIENTED_EDGE ( 'NONE', *, *, #274, .T. ) ;
#11 = LINE ( 'NONE', #2117, #1257 ) ;
#12 = ORIENTED_EDGE ( 'NONE', *, *, #1632, .F. ) ;
#13 = AXIS2_PLACEMENT_3D ( 'NONE', #2024, #1686, #702 ) ;
#14 = CARTESIAN_POINT ( 'NONE',  ( 17.64000000000000100, 0.5000000000000000000, -5.580000000000000100 ) ) ;
#15 = EDGE_CURVE ( 'NONE', #158, #198, #1299, .T. ) ;
#16 = CARTESIAN_POINT ( 'NONE',  ( -30.00000000000000000, 0.5000000000000000000, -6.500000000000000000 ) ) ;
#17 = CARTESIAN_POINT ( 'NONE',  ( 17.64000000000000100, 0.5000000000000000000, 4.580000000000000100 ) ) ;
#18 = ORIENTED_EDGE ( 'NONE', *, *, #2, .F. ) ;
#19 = EDGE_CURVE ( 'NONE', #630, #129, #825, .T. ) ;
#20 = ORIENTED_EDGE ( 'NONE', *, *, #624, .F. ) ;
#21 = DIRECTION ( 'NONE',  ( -1.000000000000000000, -8.673617379884040100E-018, 0.0000000000000000000 ) ) ;
#22 = LINE ( 'NONE', #1923, #1716 ) ;
#23 = CARTESIAN_POINT ( 'NONE',  ( 0.0000000000000000000, 0.0000000000000000000, -6.049999999999999800 ) ) ;
#24 = LINE ( 'NONE', #784, #78 ) ;
#25 = VERTEX_POINT ( 'NONE', #1474 ) ;
#26 = ORIENTED_EDGE ( 'NONE', *, *, #33, .F. ) ;
#27 = ORIENTED_EDGE ( 'NONE', *, *, #849, .F. ) ;
#28 = EDGE_CURVE ( 'NONE', #3, #1677, #1240, .T. ) ;
#29 = DIRECTION ( 'NONE',  ( 0.0000000000000000000, -1.000000000000000000, 0.0000000000000000000 ) ) ;
#30 = VERTEX_POINT ( 'NONE', #1824 ) ;
#31 = DIRECTION ( 'NONE',  ( 0.0000000000000000000, 0.0000000000000000000, 1.000000000000000000 ) ) ;
#32 = ORIENTED_EDGE ( 'NONE', *, *, #2, .T. ) ;
#33 = EDGE_CURVE ( 'NONE', #270, #194, #763, .T. ) ;
#34 = ORIENTED_EDGE ( 'NONE', *, *, #664, .F. ) ;
#35 = LINE ( 'NONE', #683, #1788 ) ;
#36 = VECTOR ( 'NONE', #1785, 1000.000000000000000 ) ;
#37 = DIRECTION ( 'NONE',  ( 0.0000000000000000000, 1.000000000000000000, 0.0000000000000000000 ) ) ;
#38 = ORIENTED_EDGE ( 'NONE', *, *, #1364, .F. ) ;
#39 = PRODUCT_DEFINITION ( 'UNKNOWN', '', #152, #757 ) ;
#40 = DIRECTION ( 'NONE',  ( 0.0000000000000000000, 0.0000000000000000000, -1.000000000000000000 ) ) ;
#41 = DIRECTION ( 'NONE',  ( -1.000000000000000000, 0.0000000000000000000, -3.469446951953615000E-015 ) ) ;
#42 = DIRECTION ( 'NONE',  ( 0.0000000000000000000, -1.000000000000000000, 0.0000000000000000000 ) ) ;
#43 = DIRECTION ( 'NONE',  ( 0.0000000000000000000, 0.0000000000000000000, 1.000000000000000000 ) ) ;
#44 = VERTEX_POINT ( 'NONE', #1070 ) ;
#45 = LINE ( 'NONE', #2140, #1742 ) ;
#46 = CARTESIAN_POINT ( 'NONE',  ( -18.41999999999999800, 0.5000000000000000000, -5.580000000000000100 ) ) ;
#47 = AXIS2_PLACEMENT_3D ( 'NONE', #808, #1291, #318 ) ;
#48 = LINE ( 'NONE', #1297, #430 ) ;
#49 = VERTEX_POINT ( 'NONE', #1224 ) ;
#50 = ORIENTED_EDGE ( 'NONE', *, *, #494, .F. ) ;
#51 = VECTOR ( 'NONE', #1151, 1000.000000000000000 ) ;
#52 = EDGE_CURVE ( 'NONE', #1414, #260, #2068, .T. ) ;
#53 = LINE ( 'NONE', #543, #1751 ) ;
#54 = EDGE_LOOP ( 'NONE', ( #1746, #513, #312, #410 ) ) ;
#55 = EDGE_LOOP ( 'NONE', ( #1774, #1510, #1180, #1337 ) ) ;
#56 = PLANE ( 'NONE',  #230 ) ;
#57 = CARTESIAN_POINT ( 'NONE',  ( 12.05999999999999900, 0.5000000000000000000, -5.580000000000000100 ) ) ;
#58 = DIRECTION ( 'NONE',  ( -1.000000000000000000, 0.0000000000000000000, 8.673617379884039200E-017 ) ) ;
#59 = EDGE_CURVE ( 'NONE', #1731, #561, #1192, .T. ) ;
#60 = VERTEX_POINT ( 'NONE', #1655 ) ;
#61 = LINE ( 'NONE', #1408, #1306 ) ;
#62 = EDGE_CURVE ( 'NONE', #25, #1122, #311, .T. ) ;
#63 = DIRECTION ( 'NONE',  ( 0.0000000000000000000, 1.000000000000000000, 0.0000000000000000000 ) ) ;
#64 = ORIENTED_EDGE ( 'NONE', *, *, #2044, .T. ) ;
#65 = FACE_OUTER_BOUND ( 'NONE', #1453, .T. ) ;
#66 = ORIENTED_EDGE ( 'NONE', *, *, #707, .T. ) ;
#67 = ORIENTED_EDGE ( 'NONE', *, *, #1560, .T. ) ;
#68 = CARTESIAN_POINT ( 'NONE',  ( 11.10000000000000000, 6.123233995736810400E-017, -6.049999999999999800 ) ) ;
#69 = MANIFOLD_SOLID_BREP ( '²ÝÎß°Ä1', #1898 ) ;
#70 = VERTEX_POINT ( 'NONE', #868 ) ;
#71 = CARTESIAN_POINT ( 'NONE',  ( 9.099999999999999600, 0.0000000000000000000, 6.500000000000000000 ) ) ;
#72 = ADVANCED_FACE ( 'NONE', ( #592 ), #1329, .T. ) ;
#73 = CARTESIAN_POINT ( 'NONE',  ( 11.60000000000000000, 0.5000000000000000000, -6.500000000000000000 ) ) ;
#74 = FILL_AREA_STYLE_COLOUR ( '', #186 ) ;
#75 = LINE ( 'NONE', #1485, #1770 ) ;
#76 = EDGE_CURVE ( 'NONE', #80, #2018, #1398, .T. ) ;
#77 = PLANE ( 'NONE',  #887 ) ;
#78 = VECTOR ( 'NONE', #2108, 1000.000000000000000 ) ;
#79 = ORIENTED_EDGE ( 'NONE', *, *, #2132, .T. ) ;
#80 = VERTEX_POINT ( 'NONE', #1886 ) ;
#81 = ORIENTED_EDGE ( 'NONE', *, *, #1985, .T. ) ;
#82 = AXIS2_PLACEMENT_3D ( 'NONE', #1411, #931, #724 ) ;
#83 = SURFACE_SIDE_STYLE ('',( #1883 ) ) ;
#84 = AXIS2_PLACEMENT_3D ( 'NONE', #1779, #1629, #649 ) ;
#85 = ORIENTED_EDGE ( 'NONE', *, *, #1589, .F. ) ;
#86 = ADVANCED_FACE ( 'NONE', ( #978 ), #2048, .F. ) ;
#87 = DIRECTION ( 'NONE',  ( 1.000000000000000000, 0.0000000000000000000, 0.0000000000000000000 ) ) ;
#88 = ORIENTED_EDGE ( 'NONE', *, *, #1574, .T. ) ;
#89 = DIRECTION ( 'NONE',  ( -1.000000000000000000, 0.0000000000000000000, 1.734723475976820100E-015 ) ) ;
#90 = ORIENTED_EDGE ( 'NONE', *, *, #1404, .F. ) ;
#91 = VECTOR ( 'NONE', #1493, 1000.000000000000000 ) ;
#92 = CARTESIAN_POINT ( 'NONE',  ( 0.0000000000000000000, 0.0000000000000000000, 6.049999999999999800 ) ) ;
#93 = CARTESIAN_POINT ( 'NONE',  ( -18.41999999999999800, 0.5000000000000000000, -5.580000000000000100 ) ) ;
#94 = EDGE_LOOP ( 'NONE', ( #1138, #801, #901, #1986 ) ) ;
#95 = UNCERTAINTY_MEASURE_WITH_UNIT (LENGTH_MEASURE( 1.000000000000000100E-005 ), #550, 'distance_accuracy_value', 'NONE');
#96 = ADVANCED_FACE ( 'NONE', ( #161 ), #1894, .T. ) ;
#97 = DIRECTION ( 'NONE',  ( 0.0000000000000000000, 0.0000000000000000000, 1.000000000000000000 ) ) ;
#98 = DIRECTION ( 'NONE',  ( 0.0000000000000000000, 0.0000000000000000000, -1.000000000000000000 ) ) ;
#99 = EDGE_CURVE ( 'NONE', #991, #1028, #1808, .T. ) ;
#100 = ORIENTED_EDGE ( 'NONE', *, *, #1514, .T. ) ;
#101 = FACE_OUTER_BOUND ( 'NONE', #2005, .T. ) ;
#102 = LINE ( 'NONE', #1523, #1856 ) ;
#103 = VERTEX_POINT ( 'NONE', #1899 ) ;
#104 = CARTESIAN_POINT ( 'NONE',  ( 17.14000000000000100, -3.500000000000000000, 5.580000000000000100 ) ) ;
#105 = LINE ( 'NONE', #104, #307 ) ;
#106 = ORIENTED_EDGE ( 'NONE', *, *, #1189, .T. ) ;
#107 = LINE ( 'NONE', #174, #1345 ) ;
#108 = LINE ( 'NONE', #573, #919 ) ;
#109 = EDGE_LOOP ( 'NONE', ( #309, #1809, #1066, #203 ) ) ;
#110 = CARTESIAN_POINT ( 'NONE',  ( 12.56000000000000000, 0.5000000000000000000, -4.580000000000000100 ) ) ;
#111 = ORIENTED_EDGE ( 'NONE', *, *, #2089, .F. ) ;
#112 = DIRECTION ( 'NONE',  ( 0.7071067811865480200, -0.7071067811865470200, 0.0000000000000000000 ) ) ;
#113 = VECTOR ( 'NONE', #2031, 1000.000000000000000 ) ;
#114 = EDGE_LOOP ( 'NONE', ( #81, #831, #589, #268 ) ) ;
#115 = FACE_OUTER_BOUND ( 'NONE', #109, .T. ) ;
#116 = EDGE_LOOP ( 'NONE', ( #1307, #79, #366, #765 ) ) ;
#117 = CARTESIAN_POINT ( 'NONE',  ( -17.91999999999999800, -3.500000000000000000, 5.580000000000000100 ) ) ;
#118 = EDGE_CURVE ( 'NONE', #2069, #1427, #108, .T. ) ;
#119 = CARTESIAN_POINT ( 'NONE',  ( 12.56000000000000000, -3.500000000000000000, -5.580000000000000100 ) ) ;
#120 = VERTEX_POINT ( 'NONE', #373 ) ;
#121 = CARTESIAN_POINT ( 'NONE',  ( 9.099999999999999600, 0.0000000000000000000, 6.049999999999999800 ) ) ;
#122 = VECTOR ( 'NONE', #1602, 1000.000000000000000 ) ;
#123 = CARTESIAN_POINT ( 'NONE',  ( 12.56000000000000000, 0.5000000000000000000, -5.580000000000000100 ) ) ;
#124 = CARTESIAN_POINT ( 'NONE',  ( 17.64000000000000100, -3.500000000000000000, -5.580000000000000100 ) ) ;
#125 = DIRECTION ( 'NONE',  ( 0.0000000000000000000, 1.000000000000000000, 0.0000000000000000000 ) ) ;
#126 = EDGE_CURVE ( 'NONE', #1570, #1675, #53, .T. ) ;
#127 = FACE_OUTER_BOUND ( 'NONE', #607, .T. ) ;
#128 = LINE ( 'NONE', #613, #944 ) ;
#129 = VERTEX_POINT ( 'NONE', #1212 ) ;
#130 = ADVANCED_FACE ( 'NONE', ( #1347 ), #968, .T. ) ;
#131 = CARTESIAN_POINT ( 'NONE',  ( -17.91999999999999800, -3.500000000000000000, 4.580000000000000100 ) ) ;
#132 = EDGE_LOOP ( 'NONE', ( #4, #647, #1736, #1998 ) ) ;
#133 = EDGE_CURVE ( 'NONE', #1893, #1256, #875, .T. ) ;
#134 = ORIENTED_EDGE ( 'NONE', *, *, #277, .T. ) ;
#135 = AXIS2_PLACEMENT_3D ( 'NONE', #190, #41, #354 ) ;
#136 = DIRECTION ( 'NONE',  ( 0.0000000000000000000, 0.0000000000000000000, -1.000000000000000000 ) ) ;
#137 = DIRECTION ( 'NONE',  ( 0.0000000000000000000, -1.000000000000000000, 0.0000000000000000000 ) ) ;
#138 = ORIENTED_EDGE ( 'NONE', *, *, #1609, .T. ) ;
#139 = EDGE_LOOP ( 'NONE', ( #1327, #1136, #1860, #386 ) ) ;
#140 = CARTESIAN_POINT ( 'NONE',  ( 12.05999999999999900, 0.5000000000000000000, -5.580000000000000100 ) ) ;
#141 = EDGE_CURVE ( 'NONE', #1705, #120, #1302, .T. ) ;
#142 = ORIENTED_EDGE ( 'NONE', *, *, #248, .F. ) ;
#143 = VECTOR ( 'NONE', #514, 1000.000000000000000 ) ;
#144 = ADVANCED_FACE ( 'NONE', ( #1863 ), #1280, .F. ) ;
#145 = VERTEX_POINT ( 'NONE', #1780 ) ;
#146 = CARTESIAN_POINT ( 'NONE',  ( 20.00000000000000000, 24.00000000000000000, -6.500000000000000000 ) ) ;
#147 = EDGE_CURVE ( 'NONE', #1123, #420, #1246, .T. ) ;
#148 = DIRECTION ( 'NONE',  ( -3.469446951953615000E-015, 0.0000000000000000000, -1.000000000000000000 ) ) ;
#149 = CARTESIAN_POINT ( 'NONE',  ( 17.14000000000000100, -3.500000000000000000, 4.580000000000000100 ) ) ;
#150 = ORIENTED_EDGE ( 'NONE', *, *, #294, .F. ) ;
#151 = VECTOR ( 'NONE', #804, 1000.000000000000000 ) ;
#152 = PRODUCT_DEFINITION_FORMATION_WITH_SPECIFIED_SOURCE ( 'ANY', '', #1551, .NOT_KNOWN. ) ;
#153 = PLANE ( 'NONE',  #47 ) ;
#154 = DIRECTION ( 'NONE',  ( -1.000000000000000000, -8.673617379884040100E-018, 0.0000000000000000000 ) ) ;
#155 = VECTOR ( 'NONE', #1346, 1000.000000000000000 ) ;
#156 = ORIENTED_EDGE ( 'NONE', *, *, #193, .T. ) ;
#157 = FACE_OUTER_BOUND ( 'NONE', #116, .T. ) ;
#158 = VERTEX_POINT ( 'NONE', #2096 ) ;
#159 = LINE ( 'NONE', #1000, #873 ) ;
#160 = CARTESIAN_POINT ( 'NONE',  ( -30.00000000000000000, 0.5000000000000000000, 6.500000000000000000 ) ) ;
#161 = FACE_OUTER_BOUND ( 'NONE', #934, .T. ) ;
#162 = ORIENTED_EDGE ( 'NONE', *, *, #579, .T. ) ;
#163 = ORIENTED_EDGE ( 'NONE', *, *, #1520, .F. ) ;
#164 = CARTESIAN_POINT ( 'NONE',  ( 17.14000000000000100, -3.500000000000000000, 4.580000000000000100 ) ) ;
#165 = DIRECTION ( 'NONE',  ( 1.000000000000000000, 0.0000000000000000000, 0.0000000000000000000 ) ) ;
#166 = VERTEX_POINT ( 'NONE', #273 ) ;
#167 = CARTESIAN_POINT ( 'NONE',  ( -17.91999999999999800, 0.5000000000000000000, -5.580000000000000100 ) ) ;
#168 = EDGE_CURVE ( 'NONE', #103, #2098, #1693, .T. ) ;
#169 = DIRECTION ( 'NONE',  ( 0.0000000000000000000, -1.000000000000000000, 0.0000000000000000000 ) ) ;
#170 = VECTOR ( 'NONE', #758, 1000.000000000000100 ) ;
#171 = CARTESIAN_POINT ( 'NONE',  ( 12.05999999999999900, -3.500000000000000000, 5.580000000000000100 ) ) ;
#172 = LINE ( 'NONE', #1637, #930 ) ;
#173 = EDGE_CURVE ( 'NONE', #2081, #1570, #434, .T. ) ;
#174 = CARTESIAN_POINT ( 'NONE',  ( 8.599999999999999600, 0.5000000000000000000, 6.049999999999999800 ) ) ;
#175 = ORIENTED_EDGE ( 'NONE', *, *, #244, .F. ) ;
#176 = EDGE_LOOP ( 'NONE', ( #1380, #1868, #841, #547 ) ) ;
#177 = CARTESIAN_POINT ( 'NONE',  ( -18.41999999999999800, -3.500000000000000000, -5.580000000000000100 ) ) ;
#178 = EDGE_CURVE ( 'NONE', #484, #1865, #2092, .T. ) ;
#179 = CARTESIAN_POINT ( 'NONE',  ( 11.60000000000000000, 0.5000000000000000000, 6.500000000000000000 ) ) ;
#180 = DIRECTION ( 'NONE',  ( 0.0000000000000000000, 1.000000000000000000, 0.0000000000000000000 ) ) ;
#181 = CARTESIAN_POINT ( 'NONE',  ( -11.50000000000000000, 0.0000000000000000000, 6.049999999999999800 ) ) ;
#182 = CARTESIAN_POINT ( 'NONE',  ( 9.099999999999999600, 0.0000000000000000000, 6.049999999999999800 ) ) ;
#183 = LINE ( 'NONE', #942, #1040 ) ;
#184 = CARTESIAN_POINT ( 'NONE',  ( 17.64000000000000100, -3.500000000000000000, -4.580000000000000100 ) ) ;
#185 = VECTOR ( 'NONE', #755, 1000.000000000000000 ) ;
#186 = COLOUR_RGB ( '',0.7490196078431372600, 0.7490196078431372600, 0.7490196078431372600 ) ;
#187 = DIRECTION ( 'NONE',  ( -1.000000000000000000, 0.0000000000000000000, 1.734723475976805100E-015 ) ) ;
#188 = VECTOR ( 'NONE', #1764, 1000.000000000000000 ) ;
#189 = CARTESIAN_POINT ( 'NONE',  ( -18.41999999999999800, 0.5000000000000000000, -4.580000000000000100 ) ) ;
#190 = CARTESIAN_POINT ( 'NONE',  ( 17.14000000000000100, -3.500000000000000000, 5.580000000000000100 ) ) ;
#191 = ORIENTED_EDGE ( 'NONE', *, *, #1815, .T. ) ;
#192 = CARTESIAN_POINT ( 'NONE',  ( -3.950000000000000200, 0.5000000000000000000, -5.580000000000000100 ) ) ;
#193 = EDGE_CURVE ( 'NONE', #1300, #835, #1195, .T. ) ;
#194 = VERTEX_POINT ( 'NONE', #71 ) ;
#195 = EDGE_LOOP ( 'NONE', ( #10, #32, #859, #2150 ) ) ;
#196 = CARTESIAN_POINT ( 'NONE',  ( 0.6300000000000000000, -3.500000000000000000, -5.580000000000000100 ) ) ;
#197 = PLANE ( 'NONE',  #1703 ) ;
#198 = VERTEX_POINT ( 'NONE', #1049 ) ;
#199 = FACE_OUTER_BOUND ( 'NONE', #54, .T. ) ;
#200 = VECTOR ( 'NONE', #1435, 1000.000000000000000 ) ;
#201 = CARTESIAN_POINT ( 'NONE',  ( 1.129999999999999900, -3.500000000000000000, -4.580000000000000100 ) ) ;
#202 = AXIS2_PLACEMENT_3D ( 'NONE', #1128, #1631, #651 ) ;
#203 = ORIENTED_EDGE ( 'NONE', *, *, #2035, .T. ) ;
#204 = LINE ( 'NONE', #1118, #1390 ) ;
#205 = VECTOR ( 'NONE', #213, 1000.000000000000000 ) ;
#206 = ORIENTED_EDGE ( 'NONE', *, *, #1851, .T. ) ;
#207 = FACE_OUTER_BOUND ( 'NONE', #1176, .T. ) ;
#208 = ORIENTED_EDGE ( 'NONE', *, *, #248, .T. ) ;
#209 = LINE ( 'NONE', #1636, #590 ) ;
#210 = ORIENTED_EDGE ( 'NONE', *, *, #897, .T. ) ;
#211 = EDGE_CURVE ( 'NONE', #917, #899, #1149, .T. ) ;
#212 = EDGE_LOOP ( 'NONE', ( #644, #1303, #142, #1250 ) ) ;
#213 = DIRECTION ( 'NONE',  ( -1.000000000000000000, -3.614007241618349800E-017, 0.0000000000000000000 ) ) ;
#214 = FACE_BOUND ( 'NONE', #346, .T. ) ;
#215 = DIRECTION ( 'NONE',  ( 0.0000000000000000000, 0.0000000000000000000, -1.000000000000000000 ) ) ;
#216 = LINE ( 'NONE', #1828, #1033 ) ;
#217 = DIRECTION ( 'NONE',  ( -0.7071067811865480200, 0.7071067811865470200, 0.0000000000000000000 ) ) ;
#218 = VERTEX_POINT ( 'NONE', #890 ) ;
#219 =( NAMED_UNIT ( * ) SI_UNIT ( $, .STERADIAN. ) SOLID_ANGLE_UNIT ( ) );
#220 = EDGE_CURVE ( 'NONE', #1183, #886, #1992, .T. ) ;
#221 = ORIENTED_EDGE ( 'NONE', *, *, #1866, .T. ) ;
#222 = LINE ( 'NONE', #2099, #610 ) ;
#223 = DIRECTION ( 'NONE',  ( 0.7071067811865475700, 0.7071067811865475700, 0.0000000000000000000 ) ) ;
#224 = LINE ( 'NONE', #1569, #1041 ) ;
#225 = DIRECTION ( 'NONE',  ( 0.0000000000000000000, 1.000000000000000000, 0.0000000000000000000 ) ) ;
#226 = AXIS2_PLACEMENT_3D ( 'NONE', #1054, #1209, #215 ) ;
#227 = DIRECTION ( 'NONE',  ( -1.067522139062649900E-015, 0.0000000000000000000, 1.000000000000000000 ) ) ;
#228 = LINE ( 'NONE', #710, #1885 ) ;
#229 = CARTESIAN_POINT ( 'NONE',  ( 0.0000000000000000000, -3.500000000000000000, 0.0000000000000000000 ) ) ;
#230 = AXIS2_PLACEMENT_3D ( 'NONE', #1029, #217, #1349 ) ;
#231 = ADVANCED_FACE ( 'NONE', ( #2038 ), #77, .F. ) ;
#232 = EDGE_CURVE ( 'NONE', #672, #1196, #666, .T. ) ;
#233 = ORIENTED_EDGE ( 'NONE', *, *, #485, .T. ) ;
#234 = DIRECTION ( 'NONE',  ( 0.0000000000000000000, 0.0000000000000000000, 1.000000000000000000 ) ) ;
#235 = ORIENTED_EDGE ( 'NONE', *, *, #952, .F. ) ;
#236 = DIRECTION ( 'NONE',  ( 1.000000000000000000, 0.0000000000000000000, -8.673617379884039200E-017 ) ) ;
#237 = EDGE_CURVE ( 'NONE', #1910, #536, #1093, .T. ) ;
#238 = DIRECTION ( 'NONE',  ( -0.7071067811865475700, 0.7071067811865475700, 0.0000000000000000000 ) ) ;
#239 = ORIENTED_EDGE ( 'NONE', *, *, #828, .T. ) ;
#240 = VECTOR ( 'NONE', #1145, 1000.000000000000000 ) ;
#241 = ADVANCED_FACE ( 'NONE', ( #715 ), #746, .T. ) ;
#242 = ORIENTED_EDGE ( 'NONE', *, *, #2044, .F. ) ;
#243 =( LENGTH_UNIT ( ) NAMED_UNIT ( * ) SI_UNIT ( .MILLI., .METRE. ) );
#244 = EDGE_CURVE ( 'NONE', #2071, #1965, #1044, .T. ) ;
#245 = DIRECTION ( 'NONE',  ( 0.0000000000000000000, 0.0000000000000000000, -1.000000000000000000 ) ) ;
#246 = PLANE ( 'NONE',  #790 ) ;
#247 = VECTOR ( 'NONE', #2115, 1000.000000000000000 ) ;
#248 = EDGE_CURVE ( 'NONE', #278, #505, #228, .T. ) ;
#249 = ADVANCED_FACE ( 'NONE', ( #616 ), #731, .T. ) ;
#250 = VECTOR ( 'NONE', #1027, 1000.000000000000000 ) ;
#251 = VECTOR ( 'NONE', #1578, 1000.000000000000000 ) ;
#252 = ORIENTED_EDGE ( 'NONE', *, *, #1957, .F. ) ;
#253 = FACE_OUTER_BOUND ( 'NONE', #1864, .T. ) ;
#254 = EDGE_LOOP ( 'NONE', ( #1048, #866, #625, #1973 ) ) ;
#255 = EDGE_LOOP ( 'NONE', ( #2149, #618, #1996, #360 ) ) ;
#256 = CARTESIAN_POINT ( 'NONE',  ( -3.950000000000000200, -3.500000000000000000, -5.580000000000000100 ) ) ;
#257 = PRODUCT_RELATED_PRODUCT_CATEGORY ( 'part', '', ( #1551 ) ) ;
#258 = ORIENTED_EDGE ( 'NONE', *, *, #1295, .T. ) ;
#259 = PLANE ( 'NONE',  #2006 ) ;
#260 = VERTEX_POINT ( 'NONE', #287 ) ;
#261 = ADVANCED_FACE ( 'NONE', ( #1002 ), #900, .T. ) ;
#262 = DIRECTION ( 'NONE',  ( -1.000000000000000000, 0.0000000000000000000, 1.734723475976805100E-015 ) ) ;
#263 = DIRECTION ( 'NONE',  ( 1.000000000000000000, 0.0000000000000000000, 0.0000000000000000000 ) ) ;
#264 = FACE_BOUND ( 'NONE', #195, .T. ) ;
#265 = VECTOR ( 'NONE', #497, 1000.000000000000000 ) ;
#266 = AXIS2_PLACEMENT_3D ( 'NONE', #1627, #977, #2138 ) ;
#267 = CARTESIAN_POINT ( 'NONE',  ( 17.14000000000000100, -3.500000000000000000, 5.580000000000000100 ) ) ;
#268 = ORIENTED_EDGE ( 'NONE', *, *, #2059, .T. ) ;
#269 = EDGE_CURVE ( 'NONE', #2122, #1183, #1423, .T. ) ;
#270 = VERTEX_POINT ( 'NONE', #121 ) ;
#271 = DIRECTION ( 'NONE',  ( 1.000000000000000000, 3.061616997868404600E-017, 0.0000000000000000000 ) ) ;
#272 = PLANE ( 'NONE',  #889 ) ;
#273 = CARTESIAN_POINT ( 'NONE',  ( -4.450000000000000200, 0.5000000000000000000, 4.580000000000000100 ) ) ;
#274 = EDGE_CURVE ( 'NONE', #872, #561, #128, .T. ) ;
#275 = FACE_OUTER_BOUND ( 'NONE', #1827, .T. ) ;
#276 = VECTOR ( 'NONE', #419, 1000.000000000000000 ) ;
#277 = EDGE_CURVE ( 'NONE', #895, #920, #1838, .T. ) ;
#278 = VERTEX_POINT ( 'NONE', #110 ) ;
#279 = VECTOR ( 'NONE', #236, 1000.000000000000000 ) ;
#280 = VECTOR ( 'NONE', #910, 1000.000000000000000 ) ;
#281 = DIRECTION ( 'NONE',  ( 0.0000000000000000000, 1.000000000000000000, 0.0000000000000000000 ) ) ;
#282 = DIRECTION ( 'NONE',  ( -1.000000000000000000, 0.0000000000000000000, 1.734723475976805100E-015 ) ) ;
#283 = DIRECTION ( 'NONE',  ( 1.000000000000000000, 0.0000000000000000000, 0.0000000000000000000 ) ) ;
#284 = ORIENTED_EDGE ( 'NONE', *, *, #352, .F. ) ;
#285 = VERTEX_POINT ( 'NONE', #634 ) ;
#286 = DIRECTION ( 'NONE',  ( -4.336808689942020200E-016, 0.0000000000000000000, -1.000000000000000000 ) ) ;
#287 = CARTESIAN_POINT ( 'NONE',  ( -4.450000000000000200, -3.500000000000000000, 4.580000000000000100 ) ) ;
#288 = ADVANCED_FACE ( 'NONE', ( #515 ), #1921, .F. ) ;
#289 = LINE ( 'NONE', #468, #1538 ) ;
#290 = EDGE_LOOP ( 'NONE', ( #1439, #1818, #1058, #5 ) ) ;
#291 = LINE ( 'NONE', #2142, #1543 ) ;
#292 = ORIENTED_EDGE ( 'NONE', *, *, #1851, .F. ) ;
#293 = DIRECTION ( 'NONE',  ( -4.336808689942020200E-016, 0.0000000000000000000, 1.000000000000000000 ) ) ;
#294 = EDGE_CURVE ( 'NONE', #218, #991, #1773, .T. ) ;
#295 = CARTESIAN_POINT ( 'NONE',  ( -4.450000000000000200, -3.500000000000000000, 4.580000000000000100 ) ) ;
#296 = CARTESIAN_POINT ( 'NONE',  ( -18.41999999999999800, -3.500000000000000000, -5.580000000000000100 ) ) ;
#297 = CARTESIAN_POINT ( 'NONE',  ( 12.05999999999999900, 0.5000000000000000000, 5.580000000000000100 ) ) ;
#298 = CARTESIAN_POINT ( 'NONE',  ( 17.64000000000000100, -3.500000000000000000, -5.580000000000000100 ) ) ;
#299 = AXIS2_PLACEMENT_3D ( 'NONE', #68, #403, #1223 ) ;
#300 = ADVANCED_FACE ( 'NONE', ( #457 ), #259, .F. ) ;
#301 = AXIS2_PLACEMENT_3D ( 'NONE', #6, #180, #1309 ) ;
#302 = DIRECTION ( 'NONE',  ( 1.000000000000000000, 0.0000000000000000000, 1.067522139062649900E-015 ) ) ;
#303 = DIRECTION ( 'NONE',  ( -1.734723475976805100E-015, 0.0000000000000000000, -1.000000000000000000 ) ) ;
#304 = CARTESIAN_POINT ( 'NONE',  ( 9.099999999999999600, 0.0000000000000000000, -6.049999999999999800 ) ) ;
#305 = VECTOR ( 'NONE', #938, 1000.000000000000000 ) ;
#306 = DIRECTION ( 'NONE',  ( 1.000000000000000000, 0.0000000000000000000, 0.0000000000000000000 ) ) ;
#307 = VECTOR ( 'NONE', #555, 1000.000000000000000 ) ;
#308 = VECTOR ( 'NONE', #1204, 1000.000000000000000 ) ;
#309 = ORIENTED_EDGE ( 'NONE', *, *, #1364, .T. ) ;
#310 = VECTOR ( 'NONE', #1447, 1000.000000000000000 ) ;
#311 = LINE ( 'NONE', #1383, #2017 ) ;
#312 = ORIENTED_EDGE ( 'NONE', *, *, #884, .T. ) ;
#313 = DIRECTION ( 'NONE',  ( 0.0000000000000000000, 1.000000000000000000, 0.0000000000000000000 ) ) ;
#314 = CARTESIAN_POINT ( 'NONE',  ( 0.6300000000000000000, -3.500000000000000000, -5.580000000000000100 ) ) ;
#315 = ORIENTED_EDGE ( 'NONE', *, *, #1326, .F. ) ;
#316 = DIRECTION ( 'NONE',  ( 1.734723475976820100E-015, 0.0000000000000000000, -1.000000000000000000 ) ) ;
#317 = ORIENTED_EDGE ( 'NONE', *, *, #579, .F. ) ;
#318 = DIRECTION ( 'NONE',  ( -1.000000000000000000, 0.0000000000000000000, 1.734723475976805100E-015 ) ) ;
#319 = EDGE_CURVE ( 'NONE', #1584, #768, #1319, .T. ) ;
#320 = CARTESIAN_POINT ( 'NONE',  ( -18.41999999999999800, 0.5000000000000000000, -5.580000000000000100 ) ) ;
#321 = EDGE_LOOP ( 'NONE', ( #909, #2125, #1625, #1852 ) ) ;
#322 = FACE_OUTER_BOUND ( 'NONE', #477, .T. ) ;
#323 = DIRECTION ( 'NONE',  ( 0.7071067811865474600, -0.7071067811865474600, 0.0000000000000000000 ) ) ;
#324 = CARTESIAN_POINT ( 'NONE',  ( -18.41999999999999800, -3.500000000000000000, -5.580000000000000100 ) ) ;
#325 = FACE_OUTER_BOUND ( 'NONE', #1889, .T. ) ;
#326 = ORIENTED_EDGE ( 'NONE', *, *, #599, .T. ) ;
#327 = CARTESIAN_POINT ( 'NONE',  ( -4.450000000000000200, -3.500000000000000000, 5.580000000000000100 ) ) ;
#328 = DIRECTION ( 'NONE',  ( 0.0000000000000000000, 1.000000000000000000, 0.0000000000000000000 ) ) ;
#329 = FACE_OUTER_BOUND ( 'NONE', #255, .T. ) ;
#330 = DIRECTION ( 'NONE',  ( -1.000000000000000000, -1.084202172485503800E-016, 0.0000000000000000000 ) ) ;
#331 = LINE ( 'NONE', #1744, #276 ) ;
#332 = VERTEX_POINT ( 'NONE', #1424 ) ;
#333 = FACE_OUTER_BOUND ( 'NONE', #1101, .T. ) ;
#334 = DIRECTION ( 'NONE',  ( 1.734723475976805100E-015, 0.0000000000000000000, -1.000000000000000000 ) ) ;
#335 = VECTOR ( 'NONE', #553, 1000.000000000000000 ) ;
#336 = ORIENTED_EDGE ( 'NONE', *, *, #789, .T. ) ;
#337 = EDGE_CURVE ( 'NONE', #1256, #166, #1271, .T. ) ;
#338 = CARTESIAN_POINT ( 'NONE',  ( 12.05999999999999900, -3.500000000000000000, 5.580000000000000100 ) ) ;
#339 = CARTESIAN_POINT ( 'NONE',  ( 0.6300000000000000000, 0.5000000000000000000, 4.580000000000000100 ) ) ;
#340 = EDGE_LOOP ( 'NONE', ( #1006, #479, #677, #1409 ) ) ;
#341 = DIRECTION ( 'NONE',  ( -1.000000000000000000, 0.0000000000000000000, -1.734723475976805100E-015 ) ) ;
#342 = CARTESIAN_POINT ( 'NONE',  ( 17.14000000000000100, -3.500000000000000000, 5.580000000000000100 ) ) ;
#343 = EDGE_LOOP ( 'NONE', ( #838, #2023, #1650, #1702 ) ) ;
#344 = FACE_OUTER_BOUND ( 'NONE', #343, .T. ) ;
#345 = DIRECTION ( 'NONE',  ( 0.7071067811865489100, 0.7071067811865460200, 0.0000000000000000000 ) ) ;
#346 = EDGE_LOOP ( 'NONE', ( #542, #175, #1276, #1845 ) ) ;
#347 = LINE ( 'NONE', #819, #1597 ) ;
#348 = EDGE_CURVE ( 'NONE', #194, #469, #24, .T. ) ;
#349 = CARTESIAN_POINT ( 'NONE',  ( -12.00000000000000000, 0.5000000000000000000, -6.049999999999999800 ) ) ;
#350 = ORIENTED_EDGE ( 'NONE', *, *, #357, .T. ) ;
#351 = ORIENTED_EDGE ( 'NONE', *, *, #2067, .F. ) ;
#352 = EDGE_CURVE ( 'NONE', #166, #1882, #1719, .T. ) ;
#353 = AXIS2_PLACEMENT_3D ( 'NONE', #894, #2057, #904 ) ;
#354 = DIRECTION ( 'NONE',  ( -3.469446951953615000E-015, 0.0000000000000000000, 1.000000000000000000 ) ) ;
#355 = DIRECTION ( 'NONE',  ( -1.000000000000000000, 0.0000000000000000000, 0.0000000000000000000 ) ) ;
#356 = LINE ( 'NONE', #1096, #2011 ) ;
#357 = EDGE_CURVE ( 'NONE', #896, #1283, #404, .T. ) ;
#358 = LINE ( 'NONE', #793, #1175 ) ;
#359 = ORIENTED_EDGE ( 'NONE', *, *, #237, .T. ) ;
#360 = ORIENTED_EDGE ( 'NONE', *, *, #897, .F. ) ;
#361 = VECTOR ( 'NONE', #97, 1000.000000000000000 ) ;
#362 = ORIENTED_EDGE ( 'NONE', *, *, #141, .T. ) ;
#363 = CARTESIAN_POINT ( 'NONE',  ( -9.500000000000000000, 0.0000000000000000000, -6.049999999999999800 ) ) ;
#364 = EDGE_CURVE ( 'NONE', #695, #1028, #2114, .T. ) ;
#365 = EDGE_LOOP ( 'NONE', ( #1796, #1393, #1187, #1462 ) ) ;
#366 = ORIENTED_EDGE ( 'NONE', *, *, #1202, .T. ) ;
#367 = CARTESIAN_POINT ( 'NONE',  ( 8.599999999999999600, 0.5000000000000000000, -6.049999999999999800 ) ) ;
#368 = ORIENTED_EDGE ( 'NONE', *, *, #599, .F. ) ;
#369 = VECTOR ( 'NONE', #37, 1000.000000000000000 ) ;
#370 = PLANE ( 'NONE',  #1382 ) ;
#371 = LINE ( 'NONE', #1799, #1568 ) ;
#372 = ORIENTED_EDGE ( 'NONE', *, *, #1501, .F. ) ;
#373 = CARTESIAN_POINT ( 'NONE',  ( -20.00000000000000000, 0.5000000000000000000, -6.500000000000000000 ) ) ;
#374 = CARTESIAN_POINT ( 'NONE',  ( -4.450000000000000200, -3.500000000000000000, 5.580000000000000100 ) ) ;
#375 = EDGE_CURVE ( 'NONE', #2128, #877, #358, .T. ) ;
#376 = DIRECTION ( 'NONE',  ( -8.673617379884039200E-017, 0.0000000000000000000, -1.000000000000000000 ) ) ;
#377 = VECTOR ( 'NONE', #749, 1000.000000000000000 ) ;
#378 = EDGE_CURVE ( 'NONE', #30, #896, #1611, .T. ) ;
#379 = LINE ( 'NONE', #1486, #1146 ) ;
#380 = VECTOR ( 'NONE', #1732, 1000.000000000000000 ) ;
#381 = CARTESIAN_POINT ( 'NONE',  ( -30.00000000000000000, 0.5000000000000000000, 6.500000000000000000 ) ) ;
#382 = ORIENTED_EDGE ( 'NONE', *, *, #1870, .T. ) ;
#383 = VECTOR ( 'NONE', #21, 1000.000000000000000 ) ;
#384 = DIRECTION ( 'NONE',  ( 1.067522139062649900E-015, 9.259278578784789800E-033, -1.000000000000000000 ) ) ;
#385 = VECTOR ( 'NONE', #1927, 1000.000000000000100 ) ;
#386 = ORIENTED_EDGE ( 'NONE', *, *, #474, .T. ) ;
#387 = EDGE_CURVE ( 'NONE', #1663, #750, #1218, .T. ) ;
#388 = ORIENTED_EDGE ( 'NONE', *, *, #922, .T. ) ;
#389 = ORIENTED_EDGE ( 'NONE', *, *, #62, .T. ) ;
#390 = EDGE_CURVE ( 'NONE', #1323, #939, #2013, .T. ) ;
#391 = EDGE_LOOP ( 'NONE', ( #703, #1395, #2093, #1341 ) ) ;
#392 = LINE ( 'NONE', #2101, #2100 ) ;
#393 = ADVANCED_FACE ( 'NONE', ( #1117 ), #1758, .F. ) ;
#394 = CARTESIAN_POINT ( 'NONE',  ( 11.10000000000000000, 6.123233995736810400E-017, -6.049999999999999800 ) ) ;
#395 = CARTESIAN_POINT ( 'NONE',  ( 11.10000000000000000, 6.123233995736810400E-017, 6.500000000000000000 ) ) ;
#396 = ORIENTED_EDGE ( 'NONE', *, *, #1446, .T. ) ;
#397 = LINE ( 'NONE', #806, #2103 ) ;
#398 = CARTESIAN_POINT ( 'NONE',  ( -17.91999999999999800, -3.500000000000000000, -4.580000000000000100 ) ) ;
#399 = CARTESIAN_POINT ( 'NONE',  ( 17.14000000000000100, 0.5000000000000000000, -4.580000000000000100 ) ) ;
#400 = EDGE_CURVE ( 'NONE', #1559, #939, #1964, .T. ) ;
#401 = ADVANCED_FACE ( 'NONE', ( #739 ), #734, .F. ) ;
#402 = LINE ( 'NONE', #601, #794 ) ;
#403 = DIRECTION ( 'NONE',  ( -3.061616997868404600E-017, 1.000000000000000000, 0.0000000000000000000 ) ) ;
#404 = LINE ( 'NONE', #1227, #796 ) ;
#405 = CARTESIAN_POINT ( 'NONE',  ( 12.05999999999999900, -3.500000000000000000, 5.580000000000000100 ) ) ;
#406 =( NAMED_UNIT ( * ) SI_UNIT ( $, .STERADIAN. ) SOLID_ANGLE_UNIT ( ) );
#407 = ORIENTED_EDGE ( 'NONE', *, *, #494, .T. ) ;
#408 = ORIENTED_EDGE ( 'NONE', *, *, #1870, .F. ) ;
#409 = DIRECTION ( 'NONE',  ( 0.7071067811865489100, 0.7071067811865460200, 0.0000000000000000000 ) ) ;
#410 = ORIENTED_EDGE ( 'NONE', *, *, #211, .T. ) ;
#411 = ADVANCED_FACE ( 'NONE', ( #207 ), #2082, .F. ) ;
#412 = DIRECTION ( 'NONE',  ( 0.0000000000000000000, 0.0000000000000000000, 1.000000000000000000 ) ) ;
#413 = VERTEX_POINT ( 'NONE', #1533 ) ;
#414 = CARTESIAN_POINT ( 'NONE',  ( -9.500000000000000000, 0.0000000000000000000, 6.049999999999999800 ) ) ;
#415 = AXIS2_PLACEMENT_3D ( 'NONE', #1737, #427, #1571 ) ;
#416 = ORIENTED_EDGE ( 'NONE', *, *, #1985, .F. ) ;
#417 = VECTOR ( 'NONE', #1174, 1000.000000000000000 ) ;
#418 = VECTOR ( 'NONE', #631, 1000.000000000000000 ) ;
#419 = DIRECTION ( 'NONE',  ( 0.0000000000000000000, 1.000000000000000000, 0.0000000000000000000 ) ) ;
#420 = VERTEX_POINT ( 'NONE', #564 ) ;
#421 = DIRECTION ( 'NONE',  ( 0.7071067811865489100, 0.7071067811865460200, 0.0000000000000000000 ) ) ;
#422 = ADVANCED_FACE ( 'NONE', ( #1454 ), #1079, .F. ) ;
#423 = CARTESIAN_POINT ( 'NONE',  ( -4.450000000000000200, 0.5000000000000000000, 4.580000000000000100 ) ) ;
#424 = EDGE_CURVE ( 'NONE', #145, #1812, #1069, .T. ) ;
#425 = DIRECTION ( 'NONE',  ( -1.000000000000000000, -8.673617379884040100E-018, 0.0000000000000000000 ) ) ;
#426 = EDGE_LOOP ( 'NONE', ( #1741, #1720, #191, #2025 ) ) ;
#427 = DIRECTION ( 'NONE',  ( 0.0000000000000000000, -1.000000000000000000, 0.0000000000000000000 ) ) ;
#428 = VECTOR ( 'NONE', #1068, 1000.000000000000000 ) ;
#429 = CARTESIAN_POINT ( 'NONE',  ( 17.64000000000000100, 0.5000000000000000000, -5.580000000000000100 ) ) ;
#430 = VECTOR ( 'NONE', #1821, 1000.000000000000000 ) ;
#431 = VECTOR ( 'NONE', #1371, 1000.000000000000000 ) ;
#432 = ORIENTED_EDGE ( 'NONE', *, *, #753, .F. ) ;
#433 = FACE_OUTER_BOUND ( 'NONE', #1508, .T. ) ;
#434 = LINE ( 'NONE', #545, #830 ) ;
#435 = ORIENTED_EDGE ( 'NONE', *, *, #684, .F. ) ;
#436 = DIRECTION ( 'NONE',  ( 0.0000000000000000000, -1.000000000000000000, 0.0000000000000000000 ) ) ;
#437 = ORIENTED_EDGE ( 'NONE', *, *, #1083, .F. ) ;
#438 = CARTESIAN_POINT ( 'NONE',  ( 11.10000000000000000, 6.123233995736810400E-017, 6.049999999999999800 ) ) ;
#439 = ORIENTED_EDGE ( 'NONE', *, *, #789, .F. ) ;
#440 = EDGE_CURVE ( 'NONE', #906, #1161, #642, .T. ) ;
#441 = VECTOR ( 'NONE', #442, 1000.000000000000000 ) ;
#442 = DIRECTION ( 'NONE',  ( 0.0000000000000000000, 0.0000000000000000000, -1.000000000000000000 ) ) ;
#443 = ORIENTED_EDGE ( 'NONE', *, *, #400, .T. ) ;
#444 = VECTOR ( 'NONE', #306, 1000.000000000000000 ) ;
#445 = EDGE_LOOP ( 'NONE', ( #284, #2047, #816, #138 ) ) ;
#446 = AXIS2_PLACEMENT_3D ( 'NONE', #1613, #1959, #2126 ) ;
#447 = ADVANCED_FACE ( 'NONE', ( #1909 ), #1388, .T. ) ;
#448 = AXIS2_PLACEMENT_3D ( 'NONE', #381, #708, #1874 ) ;
#449 = CARTESIAN_POINT ( 'NONE',  ( -11.50000000000000000, 0.0000000000000000000, -6.500000000000000000 ) ) ;
#450 = CARTESIAN_POINT ( 'NONE',  ( -4.450000000000000200, 0.5000000000000000000, -5.580000000000000100 ) ) ;
#451 = PLANE ( 'NONE',  #1437 ) ;
#452 = LINE ( 'NONE', #394, #1366 ) ;
#453 = CARTESIAN_POINT ( 'NONE',  ( -20.00000000000000000, 24.00000000000000000, -6.500000000000000000 ) ) ;
#454 = EDGE_CURVE ( 'NONE', #1705, #1322, #1394, .T. ) ;
#455 = SHAPE_DEFINITION_REPRESENTATION ( #591, #2079 ) ;
#456 = CARTESIAN_POINT ( 'NONE',  ( -3.950000000000000200, 0.5000000000000000000, 5.580000000000000100 ) ) ;
#457 = FACE_OUTER_BOUND ( 'NONE', #1990, .T. ) ;
#458 = PLANE ( 'NONE',  #1902 ) ;
#459 = CARTESIAN_POINT ( 'NONE',  ( -3.950000000000000200, 0.5000000000000000000, 5.580000000000000100 ) ) ;
#460 = EDGE_LOOP ( 'NONE', ( #407, #1037, #463, #1229 ) ) ;
#461 = EDGE_LOOP ( 'NONE', ( #1615, #12, #1495, #350 ) ) ;
#462 = ADVANCED_FACE ( 'NONE', ( #157 ), #1714, .T. ) ;
#463 = ORIENTED_EDGE ( 'NONE', *, *, #126, .F. ) ;
#464 = ORIENTED_EDGE ( 'NONE', *, *, #59, .F. ) ;
#465 = CARTESIAN_POINT ( 'NONE',  ( -3.950000000000000200, -3.500000000000000000, 5.580000000000000100 ) ) ;
#466 = ORIENTED_EDGE ( 'NONE', *, *, #712, .F. ) ;
#467 = EDGE_CURVE ( 'NONE', #811, #490, #1859, .T. ) ;
#468 = CARTESIAN_POINT ( 'NONE',  ( 1.129999999999999900, -3.500000000000000000, 5.580000000000000100 ) ) ;
#469 = VERTEX_POINT ( 'NONE', #395 ) ;
#470 = CARTESIAN_POINT ( 'NONE',  ( -4.450000000000000200, -3.500000000000000000, -4.580000000000000100 ) ) ;
#471 = ORIENTED_EDGE ( 'NONE', *, *, #932, .T. ) ;
#472 = LINE ( 'NONE', #1324, #1286 ) ;
#473 = DIRECTION ( 'NONE',  ( 0.0000000000000000000, -1.000000000000000000, 0.0000000000000000000 ) ) ;
#474 = EDGE_CURVE ( 'NONE', #1559, #506, #1343, .T. ) ;
#475 = LINE ( 'NONE', #1608, #36 ) ;
#476 = CARTESIAN_POINT ( 'NONE',  ( 17.14000000000000100, -3.500000000000000000, -5.580000000000000100 ) ) ;
#477 = EDGE_LOOP ( 'NONE', ( #879, #2054, #743, #486 ) ) ;
#478 = PLANE ( 'NONE',  #266 ) ;
#479 = ORIENTED_EDGE ( 'NONE', *, *, #704, .F. ) ;
#480 = ORIENTED_EDGE ( 'NONE', *, *, #1697, .T. ) ;
#481 = LINE ( 'NONE', #1804, #582 ) ;
#482 = DIRECTION ( 'NONE',  ( 0.0000000000000000000, 1.000000000000000000, 0.0000000000000000000 ) ) ;
#483 = FACE_OUTER_BOUND ( 'NONE', #340, .T. ) ;
#484 = VERTEX_POINT ( 'NONE', #399 ) ;
#485 = EDGE_CURVE ( 'NONE', #1584, #1252, #105, .T. ) ;
#486 = ORIENTED_EDGE ( 'NONE', *, *, #1215, .T. ) ;
#487 = VECTOR ( 'NONE', #499, 1000.000000000000100 ) ;
#488 = CARTESIAN_POINT ( 'NONE',  ( 17.14000000000000100, 0.5000000000000000000, -4.580000000000000100 ) ) ;
#489 = VECTOR ( 'NONE', #1604, 1000.000000000000000 ) ;
#490 = VERTEX_POINT ( 'NONE', #1199 ) ;
#491 = ORIENTED_EDGE ( 'NONE', *, *, #1490, .F. ) ;
#492 = AXIS2_PLACEMENT_3D ( 'NONE', #823, #2147, #1140 ) ;
#493 = CARTESIAN_POINT ( 'NONE',  ( -4.450000000000000200, 0.5000000000000000000, 5.580000000000000100 ) ) ;
#494 = EDGE_CURVE ( 'NONE', #1122, #778, #1116, .T. ) ;
#495 = CARTESIAN_POINT ( 'NONE',  ( 12.05999999999999900, -3.500000000000000000, -4.580000000000000100 ) ) ;
#496 = ORIENTED_EDGE ( 'NONE', *, *, #1659, .T. ) ;
#497 = DIRECTION ( 'NONE',  ( -1.000000000000000000, 0.0000000000000000000, 1.734723475976820100E-015 ) ) ;
#498 = EDGE_CURVE ( 'NONE', #129, #1073, #2012, .T. ) ;
#499 = DIRECTION ( 'NONE',  ( 0.7071067811865474600, -0.7071067811865474600, 0.0000000000000000000 ) ) ;
#500 = FACE_OUTER_BOUND ( 'NONE', #1822, .T. ) ;
#501 = CARTESIAN_POINT ( 'NONE',  ( 17.14000000000000100, 0.5000000000000000000, 4.580000000000000100 ) ) ;
#502 = DIRECTION ( 'NONE',  ( 0.0000000000000000000, 0.0000000000000000000, 1.000000000000000000 ) ) ;
#503 = EDGE_LOOP ( 'NONE', ( #1566, #2041, #1721, #2002 ) ) ;
#504 = LINE ( 'NONE', #1444, #444 ) ;
#505 = VERTEX_POINT ( 'NONE', #1892 ) ;
#506 = VERTEX_POINT ( 'NONE', #1548 ) ;
#507 = EDGE_CURVE ( 'NONE', #1375, #2081, #640, .T. ) ;
#508 = DIRECTION ( 'NONE',  ( 0.0000000000000000000, 1.000000000000000000, 0.0000000000000000000 ) ) ;
#509 = CARTESIAN_POINT ( 'NONE',  ( 8.599999999999999600, 0.5000000000000000000, 6.049999999999999800 ) ) ;
#510 = CARTESIAN_POINT ( 'NONE',  ( -11.50000000000000000, 0.0000000000000000000, -6.049999999999999800 ) ) ;
#511 = CARTESIAN_POINT ( 'NONE',  ( -18.41999999999999800, -3.500000000000000000, 4.580000000000000100 ) ) ;
#512 = LINE ( 'NONE', #817, #1317 ) ;
#513 = ORIENTED_EDGE ( 'NONE', *, *, #1925, .F. ) ;
#514 = DIRECTION ( 'NONE',  ( 0.0000000000000000000, 0.0000000000000000000, -1.000000000000000000 ) ) ;
#515 = FACE_OUTER_BOUND ( 'NONE', #1053, .T. ) ;
#516 = ORIENTED_EDGE ( 'NONE', *, *, #147, .F. ) ;
#517 = EDGE_CURVE ( 'NONE', #1086, #1622, #1552, .T. ) ;
#518 = ORIENTED_EDGE ( 'NONE', *, *, #467, .T. ) ;
#519 = ORIENTED_EDGE ( 'NONE', *, *, #173, .T. ) ;
#520 = EDGE_LOOP ( 'NONE', ( #1694, #1004, #233, #530 ) ) ;
#521 = AXIS2_PLACEMENT_3D ( 'NONE', #1067, #892, #571 ) ;
#522 = CARTESIAN_POINT ( 'NONE',  ( -11.50000000000000000, 0.0000000000000000000, -6.049999999999999800 ) ) ;
#523 = ORIENTED_EDGE ( 'NONE', *, *, #821, .F. ) ;
#524 = AXIS2_PLACEMENT_3D ( 'NONE', #667, #840, #1994 ) ;
#525 = ORIENTED_EDGE ( 'NONE', *, *, #1593, .T. ) ;
#526 = LINE ( 'NONE', #1316, #143 ) ;
#527 = DIRECTION ( 'NONE',  ( 0.0000000000000000000, 0.0000000000000000000, 1.000000000000000000 ) ) ;
#528 = CARTESIAN_POINT ( 'NONE',  ( -12.00000000000000000, 0.5000000000000000000, 6.049999999999999800 ) ) ;
#529 = CARTESIAN_POINT ( 'NONE',  ( -9.000000000000000000, 0.5000000000000000000, 6.049999999999999800 ) ) ;
#530 = ORIENTED_EDGE ( 'NONE', *, *, #833, .T. ) ;
#531 = CARTESIAN_POINT ( 'NONE',  ( -11.50000000000000000, 0.0000000000000000000, 6.049999999999999800 ) ) ;
#532 = FACE_OUTER_BOUND ( 'NONE', #2097, .T. ) ;
#533 = EDGE_CURVE ( 'NONE', #49, #2098, #1907, .T. ) ;
#534 = LINE ( 'NONE', #676, #1298 ) ;
#535 = ORIENTED_EDGE ( 'NONE', *, *, #507, .F. ) ;
#536 = VERTEX_POINT ( 'NONE', #1862 ) ;
#537 = VECTOR ( 'NONE', #1304, 1000.000000000000000 ) ;
#538 = VECTOR ( 'NONE', #729, 1000.000000000000000 ) ;
#539 = VERTEX_POINT ( 'NONE', #541 ) ;
#540 = CARTESIAN_POINT ( 'NONE',  ( -18.41999999999999800, -3.500000000000000000, 5.580000000000000100 ) ) ;
#541 = CARTESIAN_POINT ( 'NONE',  ( 9.099999999999999600, 0.0000000000000000000, -6.049999999999999800 ) ) ;
#542 = ORIENTED_EDGE ( 'NONE', *, *, #567, .F. ) ;
#543 = CARTESIAN_POINT ( 'NONE',  ( -9.500000000000000000, 0.0000000000000000000, -6.049999999999999800 ) ) ;
#544 = VECTOR ( 'NONE', #605, 1000.000000000000000 ) ;
#545 = CARTESIAN_POINT ( 'NONE',  ( -11.50000000000000000, 0.0000000000000000000, -6.049999999999999800 ) ) ;
#546 = CARTESIAN_POINT ( 'NONE',  ( 17.64000000000000100, -3.500000000000000000, -5.580000000000000100 ) ) ;
#547 = ORIENTED_EDGE ( 'NONE', *, *, #936, .T. ) ;
#548 = VECTOR ( 'NONE', #1837, 1000.000000000000000 ) ;
#549 = ORIENTED_EDGE ( 'NONE', *, *, #76, .F. ) ;
#550 =( LENGTH_UNIT ( ) NAMED_UNIT ( * ) SI_UNIT ( .MILLI., .METRE. ) );
#551 = ORIENTED_EDGE ( 'NONE', *, *, #609, .T. ) ;
#552 = EDGE_CURVE ( 'NONE', #876, #1323, #1019, .T. ) ;
#553 = DIRECTION ( 'NONE',  ( -3.469446951953615000E-015, 0.0000000000000000000, -1.000000000000000000 ) ) ;
#554 = FACE_OUTER_BOUND ( 'NONE', #1748, .T. ) ;
#555 = DIRECTION ( 'NONE',  ( 1.000000000000000000, 0.0000000000000000000, 0.0000000000000000000 ) ) ;
#556 = DIRECTION ( 'NONE',  ( 0.0000000000000000000, 0.0000000000000000000, -1.000000000000000000 ) ) ;
#557 = VECTOR ( 'NONE', #1726, 1000.000000000000000 ) ;
#558 = CARTESIAN_POINT ( 'NONE',  ( -3.950000000000000200, -3.500000000000000000, -4.580000000000000100 ) ) ;
#559 = VECTOR ( 'NONE', #125, 1000.000000000000000 ) ;
#560 = EDGE_LOOP ( 'NONE', ( #389, #1561, #1913, #239 ) ) ;
#561 = VERTEX_POINT ( 'NONE', #1682 ) ;
#562 = ADVANCED_FACE ( 'NONE', ( #585 ), #370, .F. ) ;
#563 = EDGE_LOOP ( 'NONE', ( #1846, #1630, #1071, #1752 ) ) ;
#564 = CARTESIAN_POINT ( 'NONE',  ( 9.099999999999999600, 0.0000000000000000000, -6.500000000000000000 ) ) ;
#565 =( NAMED_UNIT ( * ) PLANE_ANGLE_UNIT ( ) SI_UNIT ( $, .RADIAN. ) );
#566 = ORIENTED_EDGE ( 'NONE', *, *, #936, .F. ) ;
#567 = EDGE_CURVE ( 'NONE', #1965, #991, #1065, .T. ) ;
#568 = AXIS2_PLACEMENT_3D ( 'NONE', #1060, #1225, #1384 ) ;
#569 = ORIENTED_EDGE ( 'NONE', *, *, #1490, .T. ) ;
#570 = ORIENTED_EDGE ( 'NONE', *, *, #809, .F. ) ;
#571 = DIRECTION ( 'NONE',  ( 1.000000000000000000, 0.0000000000000000000, 0.0000000000000000000 ) ) ;
#572 = ORIENTED_EDGE ( 'NONE', *, *, #141, .F. ) ;
#573 = CARTESIAN_POINT ( 'NONE',  ( 20.00000000000000000, 24.00000000000000000, -6.500000000000000000 ) ) ;
#574 = DIRECTION ( 'NONE',  ( 0.0000000000000000000, 0.0000000000000000000, 1.000000000000000000 ) ) ;
#575 = LINE ( 'NONE', #1833, #963 ) ;
#576 = CARTESIAN_POINT ( 'NONE',  ( -11.50000000000000000, 0.0000000000000000000, 6.049999999999999800 ) ) ;
#577 = ADVANCED_FACE ( 'NONE', ( #972 ), #1688, .T. ) ;
#578 = DIRECTION ( 'NONE',  ( 0.7071067811865461300, -0.7071067811865490200, 0.0000000000000000000 ) ) ;
#579 = EDGE_CURVE ( 'NONE', #1642, #1677, #102, .T. ) ;
#580 = EDGE_CURVE ( 'NONE', #1849, #120, #1392, .T. ) ;
#581 = DIRECTION ( 'NONE',  ( 0.0000000000000000000, -1.000000000000000000, 0.0000000000000000000 ) ) ;
#582 = VECTOR ( 'NONE', #1137, 1000.000000000000000 ) ;
#583 = ADVANCED_FACE ( 'NONE', ( #483 ), #1517, .T. ) ;
#584 = CARTESIAN_POINT ( 'NONE',  ( 8.599999999999999600, 0.5000000000000000000, 6.049999999999999800 ) ) ;
#585 = FACE_OUTER_BOUND ( 'NONE', #1207, .T. ) ;
#586 = ORIENTED_EDGE ( 'NONE', *, *, #580, .F. ) ;
#587 = CARTESIAN_POINT ( 'NONE',  ( 0.6300000000000000000, 0.5000000000000000000, 5.580000000000000100 ) ) ;
#588 = VECTOR ( 'NONE', #245, 1000.000000000000000 ) ;
#589 = ORIENTED_EDGE ( 'NONE', *, *, #1114, .T. ) ;
#590 = VECTOR ( 'NONE', #1811, 1000.000000000000000 ) ;
#591 = PRODUCT_DEFINITION_SHAPE ( 'NONE', 'NONE',  #39 ) ;
#592 = FACE_OUTER_BOUND ( 'NONE', #1656, .T. ) ;
#593 = EDGE_LOOP ( 'NONE', ( #437, #408, #1531, #85 ) ) ;
#594 = PLANE ( 'NONE',  #353 ) ;
#595 = EDGE_CURVE ( 'NONE', #506, #1155, #1801, .T. ) ;
#596 = EDGE_LOOP ( 'NONE', ( #1591, #1334, #797, #162 ) ) ;
#597 = CARTESIAN_POINT ( 'NONE',  ( 17.14000000000000100, -3.500000000000000000, -4.580000000000000100 ) ) ;
#598 = FACE_BOUND ( 'NONE', #1119, .T. ) ;
#599 = EDGE_CURVE ( 'NONE', #1865, #1323, #534, .T. ) ;
#600 = VECTOR ( 'NONE', #187, 1000.000000000000000 ) ;
#601 = CARTESIAN_POINT ( 'NONE',  ( 17.64000000000000100, -3.500000000000000000, 5.580000000000000100 ) ) ;
#602 = EDGE_LOOP ( 'NONE', ( #1947, #1127, #727, #1193 ) ) ;
#603 = ORIENTED_EDGE ( 'NONE', *, *, #498, .F. ) ;
#604 = PLANE ( 'NONE',  #1074 ) ;
#605 = DIRECTION ( 'NONE',  ( -1.000000000000000000, -8.673617379884040100E-018, 0.0000000000000000000 ) ) ;
#606 = EDGE_CURVE ( 'NONE', #1196, #536, #48, .T. ) ;
#607 = EDGE_LOOP ( 'NONE', ( #1601, #1580, #674, #864 ) ) ;
#608 = DIRECTION ( 'NONE',  ( 0.0000000000000000000, 0.0000000000000000000, -1.000000000000000000 ) ) ;
#609 = EDGE_CURVE ( 'NONE', #332, #1427, #1745, .T. ) ;
#610 = VECTOR ( 'NONE', #1939, 1000.000000000000000 ) ;
#611 = CARTESIAN_POINT ( 'NONE',  ( 17.14000000000000100, 0.5000000000000000000, -5.580000000000000100 ) ) ;
#612 = CARTESIAN_POINT ( 'NONE',  ( 0.6300000000000000000, 0.5000000000000000000, -4.580000000000000100 ) ) ;
#613 = CARTESIAN_POINT ( 'NONE',  ( -18.41999999999999800, 0.5000000000000000000, 5.580000000000000100 ) ) ;
#614 = FACE_OUTER_BOUND ( 'NONE', #520, .T. ) ;
#615 = ADVANCED_FACE ( 'NONE', ( #869 ), #1483, .F. ) ;
#616 = FACE_OUTER_BOUND ( 'NONE', #1496, .T. ) ;
#617 = CARTESIAN_POINT ( 'NONE',  ( 12.05999999999999900, 0.5000000000000000000, 4.580000000000000100 ) ) ;
#618 = ORIENTED_EDGE ( 'NONE', *, *, #1036, .F. ) ;
#619 = DIRECTION ( 'NONE',  ( 0.0000000000000000000, 0.0000000000000000000, 1.000000000000000000 ) ) ;
#620 = DIRECTION ( 'NONE',  ( 1.000000000000000000, 0.0000000000000000000, 0.0000000000000000000 ) ) ;
#621 = ORIENTED_EDGE ( 'NONE', *, *, #1471, .T. ) ;
#622 = VERTEX_POINT ( 'NONE', #1170 ) ;
#623 = ADVANCED_FACE ( 'NONE', ( #824 ), #1841, .T. ) ;
#624 = EDGE_CURVE ( 'NONE', #260, #1247, #2090, .T. ) ;
#625 = ORIENTED_EDGE ( 'NONE', *, *, #1139, .F. ) ;
#626 = FACE_OUTER_BOUND ( 'NONE', #1722, .T. ) ;
#627 = DIRECTION ( 'NONE',  ( 0.0000000000000000000, 0.0000000000000000000, -1.000000000000000000 ) ) ;
#628 = CARTESIAN_POINT ( 'NONE',  ( 9.099999999999999600, 0.0000000000000000000, -6.500000000000000000 ) ) ;
#629 = CARTESIAN_POINT ( 'NONE',  ( 0.0000000000000000000, -3.500000000000000000, 0.0000000000000000000 ) ) ;
#630 = VERTEX_POINT ( 'NONE', #853 ) ;
#631 = DIRECTION ( 'NONE',  ( 0.0000000000000000000, 0.0000000000000000000, -1.000000000000000000 ) ) ;
#632 = CARTESIAN_POINT ( 'NONE',  ( -4.450000000000000200, -3.500000000000000000, -4.580000000000000100 ) ) ;
#633 = CARTESIAN_POINT ( 'NONE',  ( 1.129999999999999900, -3.500000000000000000, 4.580000000000000100 ) ) ;
#634 = CARTESIAN_POINT ( 'NONE',  ( 11.60000000000000000, 0.5000000000000000000, -6.049999999999999800 ) ) ;
#635 = ADVANCED_FACE ( 'NONE', ( #1640 ), #995, .T. ) ;
#636 = DIRECTION ( 'NONE',  ( 0.0000000000000000000, 1.000000000000000000, 0.0000000000000000000 ) ) ;
#637 = VECTOR ( 'NONE', #1958, 1000.000000000000000 ) ;
#638 = DIRECTION ( 'NONE',  ( 0.0000000000000000000, 0.0000000000000000000, 1.000000000000000000 ) ) ;
#639 = AXIS2_PLACEMENT_3D ( 'NONE', #756, #263, #921 ) ;
#640 = LINE ( 'NONE', #1853, #205 ) ;
#641 = VERTEX_POINT ( 'NONE', #1339 ) ;
#642 = LINE ( 'NONE', #2016, #588 ) ;
#643 = CARTESIAN_POINT ( 'NONE',  ( 9.099999999999999600, 0.0000000000000000000, 6.049999999999999800 ) ) ;
#644 = ORIENTED_EDGE ( 'NONE', *, *, #193, .F. ) ;
#645 = LINE ( 'NONE', #164, #1456 ) ;
#646 = CARTESIAN_POINT ( 'NONE',  ( -3.950000000000000200, -3.500000000000000000, 5.580000000000000100 ) ) ;
#647 = ORIENTED_EDGE ( 'NONE', *, *, #517, .F. ) ;
#648 = EDGE_CURVE ( 'NONE', #198, #872, #1191, .T. ) ;
#649 = DIRECTION ( 'NONE',  ( -1.000000000000000000, 0.0000000000000000000, -1.734723475976805100E-015 ) ) ;
#650 = ORIENTED_EDGE ( 'NONE', *, *, #1707, .T. ) ;
#651 = DIRECTION ( 'NONE',  ( -4.336808689942020200E-016, 0.0000000000000000000, 1.000000000000000000 ) ) ;
#652 = DIRECTION ( 'NONE',  ( -1.000000000000000000, -8.673617379884040100E-018, 0.0000000000000000000 ) ) ;
#653 = FACE_OUTER_BOUND ( 'NONE', #1125, .T. ) ;
#654 = CARTESIAN_POINT ( 'NONE',  ( -3.950000000000000200, 0.5000000000000000000, 4.580000000000000100 ) ) ;
#655 = VECTOR ( 'NONE', #1480, 1000.000000000000000 ) ;
#656 = CARTESIAN_POINT ( 'NONE',  ( 0.6300000000000000000, -3.500000000000000000, 5.580000000000000100 ) ) ;
#657 = CARTESIAN_POINT ( 'NONE',  ( 17.14000000000000100, -3.500000000000000000, -5.580000000000000100 ) ) ;
#658 = ORIENTED_EDGE ( 'NONE', *, *, #884, .F. ) ;
#659 = DIRECTION ( 'NONE',  ( 1.000000000000000000, 0.0000000000000000000, 0.0000000000000000000 ) ) ;
#660 = CARTESIAN_POINT ( 'NONE',  ( 9.099999999999999600, 0.0000000000000000000, -6.049999999999999800 ) ) ;
#661 = VECTOR ( 'NONE', #608, 1000.000000000000000 ) ;
#662 = CARTESIAN_POINT ( 'NONE',  ( 1.129999999999999900, -3.500000000000000000, 5.580000000000000100 ) ) ;
#663 = VECTOR ( 'NONE', #911, 1000.000000000000000 ) ;
#664 = EDGE_CURVE ( 'NONE', #725, #1073, #762, .T. ) ;
#665 = CARTESIAN_POINT ( 'NONE',  ( 12.05999999999999900, 0.5000000000000000000, -5.580000000000000100 ) ) ;
#666 = LINE ( 'NONE', #558, #280 ) ;
#667 = CARTESIAN_POINT ( 'NONE',  ( 0.6300000000000000000, -3.500000000000000000, 5.580000000000000100 ) ) ;
#668 = CARTESIAN_POINT ( 'NONE',  ( 20.00000000000000000, 0.5000000000000000000, 6.500000000000000000 ) ) ;
#669 = CARTESIAN_POINT ( 'NONE',  ( -18.41999999999999800, 0.5000000000000000000, 5.580000000000000100 ) ) ;
#670 = AXIS2_PLACEMENT_3D ( 'NONE', #1431, #1945, #1718 ) ;
#671 = AXIS2_PLACEMENT_3D ( 'NONE', #2087, #112, #1245 ) ;
#672 = VERTEX_POINT ( 'NONE', #1653 ) ;
#673 = CARTESIAN_POINT ( 'NONE',  ( 0.6300000000000000000, 0.5000000000000000000, -5.580000000000000100 ) ) ;
#674 = ORIENTED_EDGE ( 'NONE', *, *, #2035, .F. ) ;
#675 = DIRECTION ( 'NONE',  ( -1.000000000000000000, 0.0000000000000000000, -1.734723475976805100E-015 ) ) ;
#676 = CARTESIAN_POINT ( 'NONE',  ( 17.14000000000000100, 0.5000000000000000000, -5.580000000000000100 ) ) ;
#677 = ORIENTED_EDGE ( 'NONE', *, *, #952, .T. ) ;
#678 = PLANE ( 'NONE',  #1477 ) ;
#679 = ORIENTED_EDGE ( 'NONE', *, *, #1274, .T. ) ;
#680 = VECTOR ( 'NONE', #652, 1000.000000000000000 ) ;
#681 = EDGE_CURVE ( 'NONE', #1372, #872, #379, .T. ) ;
#682 = PLANE ( 'NONE',  #1177 ) ;
#683 = CARTESIAN_POINT ( 'NONE',  ( -4.450000000000000200, -3.500000000000000000, 5.580000000000000100 ) ) ;
#684 = EDGE_CURVE ( 'NONE', #1521, #505, #331, .T. ) ;
#685 = FACE_OUTER_BOUND ( 'NONE', #747, .T. ) ;
#686 = VECTOR ( 'NONE', #1208, 1000.000000000000000 ) ;
#687 = DIRECTION ( 'NONE',  ( -1.000000000000000000, -3.614007241618349800E-017, 0.0000000000000000000 ) ) ;
#688 = VECTOR ( 'NONE', #2088, 1000.000000000000000 ) ;
#689 = ORIENTED_EDGE ( 'NONE', *, *, #269, .F. ) ;
#690 = LINE ( 'NONE', #1126, #2015 ) ;
#691 = CARTESIAN_POINT ( 'NONE',  ( 9.099999999999999600, 0.0000000000000000000, 6.049999999999999800 ) ) ;
#692 = EDGE_CURVE ( 'NONE', #285, #2018, #1579, .T. ) ;
#693 = ORIENTED_EDGE ( 'NONE', *, *, #1520, .T. ) ;
#694 = CARTESIAN_POINT ( 'NONE',  ( -4.450000000000000200, -3.500000000000000000, 5.580000000000000100 ) ) ;
#695 = VERTEX_POINT ( 'NONE', #1387 ) ;
#696 = PLANE ( 'NONE',  #1932 ) ;
#697 = ORIENTED_EDGE ( 'NONE', *, *, #378, .F. ) ;
#698 = EDGE_LOOP ( 'NONE', ( #1275, #1433, #1412, #1887 ) ) ;
#699 = FACE_BOUND ( 'NONE', #1541, .T. ) ;
#700 = FILL_AREA_STYLE_COLOUR ( '', #1557 ) ;
#701 = LINE ( 'NONE', #338, #655 ) ;
#702 = DIRECTION ( 'NONE',  ( 0.0000000000000000000, 0.0000000000000000000, 1.000000000000000000 ) ) ;
#703 = ORIENTED_EDGE ( 'NONE', *, *, #1015, .F. ) ;
#704 = EDGE_CURVE ( 'NONE', #770, #857, #713, .T. ) ;
#705 = DIRECTION ( 'NONE',  ( 0.0000000000000000000, 1.000000000000000000, 0.0000000000000000000 ) ) ;
#706 = AXIS2_PLACEMENT_3D ( 'NONE', #171, #1817, #832 ) ;
#707 = EDGE_CURVE ( 'NONE', #695, #906, #1989, .T. ) ;
#708 = DIRECTION ( 'NONE',  ( 8.673617379884040100E-018, -1.000000000000000000, 0.0000000000000000000 ) ) ;
#709 = VECTOR ( 'NONE', #1755, 1000.000000000000000 ) ;
#710 = CARTESIAN_POINT ( 'NONE',  ( 12.05999999999999900, 0.5000000000000000000, -4.580000000000000100 ) ) ;
#711 = CARTESIAN_POINT ( 'NONE',  ( -20.00000000000000000, 0.5000000000000000000, -6.500000000000000000 ) ) ;
#712 = EDGE_CURVE ( 'NONE', #1123, #70, #224, .T. ) ;
#713 = LINE ( 'NONE', #584, #663 ) ;
#714 = ORIENTED_EDGE ( 'NONE', *, *, #507, .T. ) ;
#715 = FACE_OUTER_BOUND ( 'NONE', #139, .T. ) ;
#716 = SURFACE_SIDE_STYLE ('',( #1178 ) ) ;
#717 = EDGE_CURVE ( 'NONE', #1470, #1414, #1092, .T. ) ;
#718 = CARTESIAN_POINT ( 'NONE',  ( 1.129999999999999900, -3.500000000000000000, 4.580000000000000100 ) ) ;
#719 = EDGE_LOOP ( 'NONE', ( #1555, #1952, #1494, #1681 ) ) ;
#720 = DIRECTION ( 'NONE',  ( 0.0000000000000000000, 1.000000000000000000, 0.0000000000000000000 ) ) ;
#721 = ORIENTED_EDGE ( 'NONE', *, *, #277, .F. ) ;
#722 = VECTOR ( 'NONE', #803, 1000.000000000000000 ) ;
#723 = ADVANCED_FACE ( 'NONE', ( #614 ), #594, .T. ) ;
#724 = DIRECTION ( 'NONE',  ( 1.000000000000000000, 0.0000000000000000000, 0.0000000000000000000 ) ) ;
#725 = VERTEX_POINT ( 'NONE', #1400 ) ;
#726 = VECTOR ( 'NONE', #1807, 1000.000000000000000 ) ;
#727 = ORIENTED_EDGE ( 'NONE', *, *, #1829, .F. ) ;
#728 = CARTESIAN_POINT ( 'NONE',  ( 0.0000000000000000000, 24.00000000000000000, 0.0000000000000000000 ) ) ;
#729 = DIRECTION ( 'NONE',  ( 0.0000000000000000000, 0.0000000000000000000, 1.000000000000000000 ) ) ;
#730 = EDGE_CURVE ( 'NONE', #60, #1663, #1484, .T. ) ;
#731 = PLANE ( 'NONE',  #1315 ) ;
#732 = ADVANCED_FACE ( 'NONE', ( #1419 ), #2065, .F. ) ;
#733 = AXIS2_PLACEMENT_3D ( 'NONE', #2055, #1711, #1916 ) ;
#734 = PLANE ( 'NONE',  #299 ) ;
#735 = PRODUCT_CONTEXT ( 'NONE', #2056, 'mechanical' ) ;
#736 = CARTESIAN_POINT ( 'NONE',  ( 12.05999999999999900, -3.500000000000000000, 4.580000000000000100 ) ) ;
#737 = LINE ( 'NONE', #1416, #305 ) ;
#738 = AXIS2_PLACEMENT_3D ( 'NONE', #511, #1660, #675 ) ;
#739 = FACE_OUTER_BOUND ( 'NONE', #698, .T. ) ;
#740 = VERTEX_POINT ( 'NONE', #1549 ) ;
#741 = LINE ( 'NONE', #476, #310 ) ;
#742 = PRESENTATION_STYLE_ASSIGNMENT (( #2040 ) ) ;
#743 = ORIENTED_EDGE ( 'NONE', *, *, #1793, .F. ) ;
#744 = ORIENTED_EDGE ( 'NONE', *, *, #1481, .T. ) ;
#745 = ADVANCED_FACE ( 'NONE', ( #1881 ), #246, .F. ) ;
#746 = PLANE ( 'NONE',  #1100 ) ;
#747 = EDGE_LOOP ( 'NONE', ( #960, #27, #566, #1698 ) ) ;
#748 = CARTESIAN_POINT ( 'NONE',  ( -9.500000000000000000, 0.0000000000000000000, -6.500000000000000000 ) ) ;
#749 = DIRECTION ( 'NONE',  ( -1.000000000000000000, 0.0000000000000000000, -1.734723475976805100E-015 ) ) ;
#750 = VERTEX_POINT ( 'NONE', #1915 ) ;
#751 = VECTOR ( 'NONE', #1858, 1000.000000000000000 ) ;
#752 = LINE ( 'NONE', #1988, #1978 ) ;
#753 = EDGE_CURVE ( 'NONE', #1086, #1701, #1001, .T. ) ;
#754 = ORIENTED_EDGE ( 'NONE', *, *, #692, .T. ) ;
#755 = DIRECTION ( 'NONE',  ( 0.0000000000000000000, 0.0000000000000000000, -1.000000000000000000 ) ) ;
#756 = CARTESIAN_POINT ( 'NONE',  ( 12.05999999999999900, -3.500000000000000000, -5.580000000000000100 ) ) ;
#757 = PRODUCT_DEFINITION_CONTEXT ( 'detailed design', #1900, 'design' ) ;
#758 = DIRECTION ( 'NONE',  ( 0.7071067811865489100, 0.7071067811865460200, 0.0000000000000000000 ) ) ;
#759 = UNCERTAINTY_MEASURE_WITH_UNIT (LENGTH_MEASURE( 1.000000000000000100E-005 ), #243, 'distance_accuracy_value', 'NONE');
#760 = VECTOR ( 'NONE', #1766, 1000.000000000000000 ) ;
#761 = CARTESIAN_POINT ( 'NONE',  ( 12.56000000000000000, -3.500000000000000000, 5.580000000000000100 ) ) ;
#762 = LINE ( 'NONE', #529, #2034 ) ;
#763 = LINE ( 'NONE', #182, #361 ) ;
#764 = CARTESIAN_POINT ( 'NONE',  ( -9.000000000000000000, 0.5000000000000000000, 6.500000000000000000 ) ) ;
#765 = ORIENTED_EDGE ( 'NONE', *, *, #1156, .T. ) ;
#766 = DIRECTION ( 'NONE',  ( 3.061616997868404600E-017, -1.000000000000000000, 0.0000000000000000000 ) ) ;
#767 = VECTOR ( 'NONE', #2053, 1000.000000000000000 ) ;
#768 = VERTEX_POINT ( 'NONE', #1167 ) ;
#769 = CARTESIAN_POINT ( 'NONE',  ( 17.14000000000000100, 0.5000000000000000000, -5.580000000000000100 ) ) ;
#770 = VERTEX_POINT ( 'NONE', #509 ) ;
#771 = DIRECTION ( 'NONE',  ( 0.0000000000000000000, 0.0000000000000000000, 1.000000000000000000 ) ) ;
#772 = EDGE_CURVE ( 'NONE', #1731, #740, #75, .T. ) ;
#773 = VERTEX_POINT ( 'NONE', #1222 ) ;
#774 = CARTESIAN_POINT ( 'NONE',  ( 12.56000000000000000, -3.500000000000000000, 5.580000000000000100 ) ) ;
#775 = ORIENTED_EDGE ( 'NONE', *, *, #1906, .F. ) ;
#776 = CARTESIAN_POINT ( 'NONE',  ( 1.129999999999999900, -3.500000000000000000, -4.580000000000000100 ) ) ;
#777 = FACE_OUTER_BOUND ( 'NONE', #950, .T. ) ;
#778 = VERTEX_POINT ( 'NONE', #748 ) ;
#779 = LINE ( 'NONE', #160, #680 ) ;
#780 = CARTESIAN_POINT ( 'NONE',  ( 8.599999999999999600, 0.5000000000000000000, -6.500000000000000000 ) ) ;
#781 = CARTESIAN_POINT ( 'NONE',  ( 0.6300000000000000000, 0.5000000000000000000, 5.580000000000000100 ) ) ;
#782 = ORIENTED_EDGE ( 'NONE', *, *, #681, .F. ) ;
#783 = DIRECTION ( 'NONE',  ( -1.000000000000000000, 0.0000000000000000000, 0.0000000000000000000 ) ) ;
#784 = CARTESIAN_POINT ( 'NONE',  ( 11.10000000000000000, 6.123233995736810400E-017, 6.500000000000000000 ) ) ;
#785 = ADVANCED_FACE ( 'NONE', ( #127 ), #2118, .F. ) ;
#786 = PLANE ( 'NONE',  #923 ) ;
#787 = DIRECTION ( 'NONE',  ( 1.000000000000000000, 3.061616997868404600E-017, 0.0000000000000000000 ) ) ;
#788 = CARTESIAN_POINT ( 'NONE',  ( 1.129999999999999900, 0.5000000000000000000, -4.580000000000000100 ) ) ;
#789 = EDGE_CURVE ( 'NONE', #811, #1908, #512, .T. ) ;
#790 = AXIS2_PLACEMENT_3D ( 'NONE', #92, #234, #1672 ) ;
#791 = PLANE ( 'NONE',  #1318 ) ;
#792 = CARTESIAN_POINT ( 'NONE',  ( -11.50000000000000000, 0.0000000000000000000, 6.049999999999999800 ) ) ;
#793 = CARTESIAN_POINT ( 'NONE',  ( 0.6300000000000000000, 0.5000000000000000000, -5.580000000000000100 ) ) ;
#794 = VECTOR ( 'NONE', #1032, 1000.000000000000000 ) ;
#795 = DIRECTION ( 'NONE',  ( 0.0000000000000000000, -1.000000000000000000, 0.0000000000000000000 ) ) ;
#796 = VECTOR ( 'NONE', #1529, 1000.000000000000000 ) ;
#797 = ORIENTED_EDGE ( 'NONE', *, *, #1981, .T. ) ;
#798 = ORIENTED_EDGE ( 'NONE', *, *, #118, .F. ) ;
#799 = ADVANCED_FACE ( 'NONE', ( #891 ), #1798, .T. ) ;
#800 = PLANE ( 'NONE',  #1739 ) ;
#801 = ORIENTED_EDGE ( 'NONE', *, *, #400, .F. ) ;
#802 = EDGE_CURVE ( 'NONE', #539, #1226, #452, .T. ) ;
#803 = DIRECTION ( 'NONE',  ( 1.000000000000000000, 0.0000000000000000000, 0.0000000000000000000 ) ) ;
#804 = DIRECTION ( 'NONE',  ( -1.000000000000000000, 0.0000000000000000000, 1.734723475976805100E-015 ) ) ;
#805 = EDGE_LOOP ( 'NONE', ( #326, #1022, #1695, #1802 ) ) ;
#806 = CARTESIAN_POINT ( 'NONE',  ( -18.41999999999999800, -3.500000000000000000, -4.580000000000000100 ) ) ;
#807 = ORIENTED_EDGE ( 'NONE', *, *, #390, .F. ) ;
#808 = CARTESIAN_POINT ( 'NONE',  ( 12.05999999999999900, -3.500000000000000000, -4.580000000000000100 ) ) ;
#809 = EDGE_CURVE ( 'NONE', #1414, #1256, #1834, .T. ) ;
#810 = CARTESIAN_POINT ( 'NONE',  ( 0.0000000000000000000, -3.500000000000000000, 0.0000000000000000000 ) ) ;
#811 = VERTEX_POINT ( 'NONE', #1278 ) ;
#812 = LINE ( 'NONE', #1186, #1567 ) ;
#813 = PLANE ( 'NONE',  #2123 ) ;
#814 = DIRECTION ( 'NONE',  ( 0.0000000000000000000, 1.000000000000000000, 0.0000000000000000000 ) ) ;
#815 = LINE ( 'NONE', #1133, #1185 ) ;
#816 = ORIENTED_EDGE ( 'NONE', *, *, #624, .T. ) ;
#817 = CARTESIAN_POINT ( 'NONE',  ( 0.6300000000000000000, -3.500000000000000000, 4.580000000000000100 ) ) ;
#818 = DIRECTION ( 'NONE',  ( 0.7071067811865470200, 0.7071067811865480200, 0.0000000000000000000 ) ) ;
#819 = CARTESIAN_POINT ( 'NONE',  ( 9.099999999999999600, 0.0000000000000000000, 6.500000000000000000 ) ) ;
#820 = ORIENTED_EDGE ( 'NONE', *, *, #348, .T. ) ;
#821 = EDGE_CURVE ( 'NONE', #285, #966, #22, .T. ) ;
#822 = LINE ( 'NONE', #587, #2141 ) ;
#823 = CARTESIAN_POINT ( 'NONE',  ( 12.56000000000000000, -3.500000000000000000, 5.580000000000000100 ) ) ;
#824 = FACE_OUTER_BOUND ( 'NONE', #132, .T. ) ;
#825 = LINE ( 'NONE', #414, #380 ) ;
#826 = ORIENTED_EDGE ( 'NONE', *, *, #319, .T. ) ;
#827 = LINE ( 'NONE', #1840, #1244 ) ;
#828 = EDGE_CURVE ( 'NONE', #2081, #25, #848, .T. ) ;
#829 = CARTESIAN_POINT ( 'NONE',  ( -18.41999999999999800, -3.500000000000000000, 5.580000000000000100 ) ) ;
#830 = VECTOR ( 'NONE', #2070, 1000.000000000000000 ) ;
#831 = ORIENTED_EDGE ( 'NONE', *, *, #1039, .T. ) ;
#832 = DIRECTION ( 'NONE',  ( 1.000000000000000000, 0.0000000000000000000, 0.0000000000000000000 ) ) ;
#833 = EDGE_CURVE ( 'NONE', #1252, #1544, #402, .T. ) ;
#834 = VERTEX_POINT ( 'NONE', #405 ) ;
#835 = VERTEX_POINT ( 'NONE', #1562 ) ;
#836 = LINE ( 'NONE', #295, #1159 ) ;
#837 = EDGE_CURVE ( 'NONE', #1259, #49, #1606, .T. ) ;
#838 = ORIENTED_EDGE ( 'NONE', *, *, #2050, .T. ) ;
#839 = LINE ( 'NONE', #1624, #1761 ) ;
#840 = DIRECTION ( 'NONE',  ( -1.000000000000000000, 0.0000000000000000000, 0.0000000000000000000 ) ) ;
#841 = ORIENTED_EDGE ( 'NONE', *, *, #1144, .T. ) ;
#842 = DIRECTION ( 'NONE',  ( -3.469446951953615000E-015, 0.0000000000000000000, 1.000000000000000000 ) ) ;
#843 = DIRECTION ( 'NONE',  ( 1.000000000000000000, 0.0000000000000000000, 0.0000000000000000000 ) ) ;
#844 = CARTESIAN_POINT ( 'NONE',  ( 11.10000000000000000, 6.123233995736810400E-017, 6.049999999999999800 ) ) ;
#845 = DIRECTION ( 'NONE',  ( 0.0000000000000000000, 0.0000000000000000000, -1.000000000000000000 ) ) ;
#846 = DIRECTION ( 'NONE',  ( -0.7071067811865461300, 0.7071067811865490200, 0.0000000000000000000 ) ) ;
#847 = DIRECTION ( 'NONE',  ( 0.0000000000000000000, 0.0000000000000000000, 1.000000000000000000 ) ) ;
#848 = LINE ( 'NONE', #1440, #1665 ) ;
#849 = EDGE_CURVE ( 'NONE', #44, #886, #1214, .T. ) ;
#850 = VECTOR ( 'NONE', #1599, 1000.000000000000000 ) ;
#851 = ORIENTED_EDGE ( 'NONE', *, *, #1293, .F. ) ;
#852 = DIRECTION ( 'NONE',  ( 0.0000000000000000000, 0.0000000000000000000, -1.000000000000000000 ) ) ;
#853 = CARTESIAN_POINT ( 'NONE',  ( -9.500000000000000000, 0.0000000000000000000, 6.049999999999999800 ) ) ;
#854 = ORIENTED_EDGE ( 'NONE', *, *, #474, .F. ) ;
#855 = ORIENTED_EDGE ( 'NONE', *, *, #424, .F. ) ;
#856 = CARTESIAN_POINT ( 'NONE',  ( -17.91999999999999800, 0.5000000000000000000, 5.580000000000000100 ) ) ;
#857 = VERTEX_POINT ( 'NONE', #1588 ) ;
#858 = ORIENTED_EDGE ( 'NONE', *, *, #1189, .F. ) ;
#859 = ORIENTED_EDGE ( 'NONE', *, *, #1095, .T. ) ;
#860 = VECTOR ( 'NONE', #687, 1000.000000000000000 ) ;
#861 = CARTESIAN_POINT ( 'NONE',  ( 0.0000000000000000000, 0.0000000000000000000, 6.049999999999999800 ) ) ;
#862 = VECTOR ( 'NONE', #1124, 1000.000000000000000 ) ;
#863 = AXIS2_PLACEMENT_3D ( 'NONE', #2085, #436, #1573 ) ;
#864 = ORIENTED_EDGE ( 'NONE', *, *, #232, .T. ) ;
#865 = EDGE_CURVE ( 'NONE', #1677, #768, #737, .T. ) ;
#866 = ORIENTED_EDGE ( 'NONE', *, *, #232, .F. ) ;
#867 = LINE ( 'NONE', #1563, #377 ) ;
#868 = CARTESIAN_POINT ( 'NONE',  ( -9.000000000000000000, 0.5000000000000000000, -6.500000000000000000 ) ) ;
#869 = FACE_OUTER_BOUND ( 'NONE', #1492, .T. ) ;
#870 = LINE ( 'NONE', #669, #431 ) ;
#871 = DIRECTION ( 'NONE',  ( 0.0000000000000000000, 0.0000000000000000000, 1.000000000000000000 ) ) ;
#872 = VERTEX_POINT ( 'NONE', #2104 ) ;
#873 = VECTOR ( 'NONE', #1830, 1000.000000000000000 ) ;
#874 = CARTESIAN_POINT ( 'NONE',  ( -20.00000000000000000, 24.00000000000000000, 6.500000000000000000 ) ) ;
#875 = LINE ( 'NONE', #459, #489 ) ;
#876 = VERTEX_POINT ( 'NONE', #124 ) ;
#877 = VERTEX_POINT ( 'NONE', #1263 ) ;
#878 = CARTESIAN_POINT ( 'NONE',  ( 0.6300000000000000000, 0.5000000000000000000, -4.580000000000000100 ) ) ;
#879 = ORIENTED_EDGE ( 'NONE', *, *, #76, .T. ) ;
#880 = LINE ( 'NONE', #1251, #441 ) ;
#881 = ORIENTED_EDGE ( 'NONE', *, *, #352, .T. ) ;
#882 = FACE_OUTER_BOUND ( 'NONE', #2036, .T. ) ;
#883 = ORIENTED_EDGE ( 'NONE', *, *, #357, .F. ) ;
#884 = EDGE_CURVE ( 'NONE', #1511, #917, #356, .T. ) ;
#885 = ADVANCED_FACE ( 'NONE', ( #685 ), #451, .F. ) ;
#886 = VERTEX_POINT ( 'NONE', #612 ) ;
#887 = AXIS2_PLACEMENT_3D ( 'NONE', #304, #223, #238 ) ;
#888 = CARTESIAN_POINT ( 'NONE',  ( 0.6300000000000000000, -3.500000000000000000, 5.580000000000000100 ) ) ;
#889 = AXIS2_PLACEMENT_3D ( 'NONE', #438, #766, #1926 ) ;
#890 = CARTESIAN_POINT ( 'NONE',  ( -17.91999999999999800, -3.500000000000000000, -5.580000000000000100 ) ) ;
#891 = FACE_OUTER_BOUND ( 'NONE', #1685, .T. ) ;
#892 = DIRECTION ( 'NONE',  ( 0.0000000000000000000, 0.0000000000000000000, 1.000000000000000000 ) ) ;
#893 = VECTOR ( 'NONE', #1740, 1000.000000000000000 ) ;
#894 = CARTESIAN_POINT ( 'NONE',  ( 17.14000000000000100, -3.500000000000000000, 5.580000000000000100 ) ) ;
#895 = VERTEX_POINT ( 'NONE', #945 ) ;
#896 = VERTEX_POINT ( 'NONE', #2107 ) ;
#897 = EDGE_CURVE ( 'NONE', #834, #1259, #2060, .T. ) ;
#898 = ADVANCED_FACE ( 'NONE', ( #1503 ), #1266, .F. ) ;
#899 = VERTEX_POINT ( 'NONE', #1430 ) ;
#900 = PLANE ( 'NONE',  #1540 ) ;
#901 = ORIENTED_EDGE ( 'NONE', *, *, #1378, .F. ) ;
#902 = ORIENTED_EDGE ( 'NONE', *, *, #118, .T. ) ;
#903 = APPLICATION_PROTOCOL_DEFINITION ( 'draft international standard', 'automotive_design', 1998, #1900 ) ;
#904 = DIRECTION ( 'NONE',  ( 1.000000000000000000, 0.0000000000000000000, 0.0000000000000000000 ) ) ;
#905 = EDGE_CURVE ( 'NONE', #1701, #622, #1550, .T. ) ;
#906 = VERTEX_POINT ( 'NONE', #956 ) ;
#907 = FACE_OUTER_BOUND ( 'NONE', #985, .T. ) ;
#908 = ADVANCED_FACE ( 'NONE', ( #1960 ), #458, .F. ) ;
#909 = ORIENTED_EDGE ( 'NONE', *, *, #1754, .F. ) ;
#910 = DIRECTION ( 'NONE',  ( 0.0000000000000000000, 1.000000000000000000, 0.0000000000000000000 ) ) ;
#911 = DIRECTION ( 'NONE',  ( 0.0000000000000000000, 0.0000000000000000000, 1.000000000000000000 ) ) ;
#912 = DIRECTION ( 'NONE',  ( 1.000000000000000000, 0.0000000000000000000, 0.0000000000000000000 ) ) ;
#913 = LINE ( 'NONE', #1389, #1190 ) ;
#914 = VECTOR ( 'NONE', #1664, 1000.000000000000000 ) ;
#915 = ORIENTED_EDGE ( 'NONE', *, *, #15, .T. ) ;
#916 = VECTOR ( 'NONE', #89, 1000.000000000000000 ) ;
#917 = VERTEX_POINT ( 'NONE', #633 ) ;
#918 = LINE ( 'NONE', #339, #51 ) ;
#919 = VECTOR ( 'NONE', #42, 1000.000000000000000 ) ;
#920 = VERTEX_POINT ( 'NONE', #1789 ) ;
#921 = DIRECTION ( 'NONE',  ( 0.0000000000000000000, 0.0000000000000000000, -1.000000000000000000 ) ) ;
#922 = EDGE_CURVE ( 'NONE', #740, #1617, #1450, .T. ) ;
#923 = AXIS2_PLACEMENT_3D ( 'NONE', #948, #2110, #1107 ) ;
#924 = ORIENTED_EDGE ( 'NONE', *, *, #178, .T. ) ;
#925 = EDGE_CURVE ( 'NONE', #1470, #1893, #1904, .T. ) ;
#926 = DIRECTION ( 'NONE',  ( -1.000000000000000000, 0.0000000000000000000, 0.0000000000000000000 ) ) ;
#927 = LINE ( 'NONE', #1576, #544 ) ;
#928 = DIRECTION ( 'NONE',  ( 0.0000000000000000000, 0.0000000000000000000, -1.000000000000000000 ) ) ;
#929 = ORIENTED_EDGE ( 'NONE', *, *, #2084, .F. ) ;
#930 = VECTOR ( 'NONE', #1771, 1000.000000000000000 ) ;
#931 = DIRECTION ( 'NONE',  ( 0.0000000000000000000, 0.0000000000000000000, 1.000000000000000000 ) ) ;
#932 = EDGE_CURVE ( 'NONE', #413, #1521, #1112, .T. ) ;
#933 = ORIENTED_EDGE ( 'NONE', *, *, #2132, .F. ) ;
#934 = EDGE_LOOP ( 'NONE', ( #163, #1197, #1940, #1045 ) ) ;
#935 = DIRECTION ( 'NONE',  ( 0.0000000000000000000, 0.0000000000000000000, -1.000000000000000000 ) ) ;
#936 = EDGE_CURVE ( 'NONE', #2122, #44, #204, .T. ) ;
#937 = DIRECTION ( 'NONE',  ( 0.0000000000000000000, 0.0000000000000000000, -1.000000000000000000 ) ) ;
#938 = DIRECTION ( 'NONE',  ( -3.469446951953615000E-015, 0.0000000000000000000, 1.000000000000000000 ) ) ;
#939 = VERTEX_POINT ( 'NONE', #1623 ) ;
#940 = VECTOR ( 'NONE', #1539, 1000.000000000000000 ) ;
#941 = ADVANCED_FACE ( 'NONE', ( #532 ), #813, .F. ) ;
#942 = CARTESIAN_POINT ( 'NONE',  ( -3.950000000000000200, -3.500000000000000000, -5.580000000000000100 ) ) ;
#943 = PLANE ( 'NONE',  #1102 ) ;
#944 = VECTOR ( 'NONE', #1088, 1000.000000000000000 ) ;
#945 = CARTESIAN_POINT ( 'NONE',  ( -4.450000000000000200, -3.500000000000000000, -5.580000000000000100 ) ) ;
#946 = CARTESIAN_POINT ( 'NONE',  ( -4.450000000000000200, 0.5000000000000000000, 5.580000000000000100 ) ) ;
#947 = EDGE_LOOP ( 'NONE', ( #1537, #1290, #1614, #979 ) ) ;
#948 = CARTESIAN_POINT ( 'NONE',  ( 0.6300000000000000000, -3.500000000000000000, 4.580000000000000100 ) ) ;
#949 = VERTEX_POINT ( 'NONE', #314 ) ;
#950 = EDGE_LOOP ( 'NONE', ( #221, #90, #111, #1762 ) ) ;
#951 = CARTESIAN_POINT ( 'NONE',  ( -18.41999999999999800, -3.500000000000000000, -5.580000000000000100 ) ) ;
#952 = EDGE_CURVE ( 'NONE', #770, #270, #1855, .T. ) ;
#953 = ORIENTED_EDGE ( 'NONE', *, *, #1941, .T. ) ;
#954 = DIRECTION ( 'NONE',  ( 0.0000000000000000000, 0.0000000000000000000, 1.000000000000000000 ) ) ;
#955 = ORIENTED_EDGE ( 'NONE', *, *, #28, .T. ) ;
#956 = CARTESIAN_POINT ( 'NONE',  ( -18.41999999999999800, -3.500000000000000000, -4.580000000000000100 ) ) ;
#957 = CARTESIAN_POINT ( 'NONE',  ( 0.0000000000000000000, -3.500000000000000000, 0.0000000000000000000 ) ) ;
#958 = ADVANCED_FACE ( 'NONE', ( #101 ), #2135, .F. ) ;
#959 = CARTESIAN_POINT ( 'NONE',  ( 0.6300000000000000000, -3.500000000000000000, 5.580000000000000100 ) ) ;
#960 = ORIENTED_EDGE ( 'NONE', *, *, #220, .T. ) ;
#961 = AXIS2_PLACEMENT_3D ( 'NONE', #1328, #1362, #1237 ) ;
#962 = ORIENTED_EDGE ( 'NONE', *, *, #133, .F. ) ;
#963 = VECTOR ( 'NONE', #1160, 1000.000000000000000 ) ;
#964 = AXIS2_PLACEMENT_3D ( 'NONE', #2009, #29, #1169 ) ;
#965 = PLANE ( 'NONE',  #1775 ) ;
#966 = VERTEX_POINT ( 'NONE', #1976 ) ;
#967 = CARTESIAN_POINT ( 'NONE',  ( -3.950000000000000200, -3.500000000000000000, 5.580000000000000100 ) ) ;
#968 = PLANE ( 'NONE',  #446 ) ;
#969 = DIRECTION ( 'NONE',  ( 0.0000000000000000000, -1.000000000000000000, 0.0000000000000000000 ) ) ;
#970 = DIRECTION ( 'NONE',  ( 0.0000000000000000000, 0.0000000000000000000, 1.000000000000000000 ) ) ;
#971 = LINE ( 'NONE', #1460, #1338 ) ;
#972 = FACE_OUTER_BOUND ( 'NONE', #1546, .T. ) ;
#973 = ORIENTED_EDGE ( 'NONE', *, *, #932, .F. ) ;
#974 = VECTOR ( 'NONE', #412, 1000.000000000000000 ) ;
#975 = ORIENTED_EDGE ( 'NONE', *, *, #274, .F. ) ;
#976 = LINE ( 'NONE', #986, #537 ) ;
#977 = DIRECTION ( 'NONE',  ( -1.000000000000000000, 0.0000000000000000000, 0.0000000000000000000 ) ) ;
#978 = FACE_OUTER_BOUND ( 'NONE', #719, .T. ) ;
#979 = ORIENTED_EDGE ( 'NONE', *, *, #1421, .T. ) ;
#980 = EDGE_CURVE ( 'NONE', #1622, #622, #971, .T. ) ;
#981 = DIRECTION ( 'NONE',  ( -1.000000000000000000, 0.0000000000000000000, -1.734723475976820100E-015 ) ) ;
#982 = DIRECTION ( 'NONE',  ( 0.7071067811865450200, -0.7071067811865500200, 0.0000000000000000000 ) ) ;
#983 = ORIENTED_EDGE ( 'NONE', *, *, #925, .F. ) ;
#984 = PLANE ( 'NONE',  #492 ) ;
#985 = EDGE_LOOP ( 'NONE', ( #1918, #292, #1528, #1429 ) ) ;
#986 = CARTESIAN_POINT ( 'NONE',  ( 17.64000000000000100, 0.5000000000000000000, 5.580000000000000100 ) ) ;
#987 = LINE ( 'NONE', #1091, #1354 ) ;
#988 = DIRECTION ( 'NONE',  ( 0.0000000000000000000, 0.0000000000000000000, 1.000000000000000000 ) ) ;
#989 = ORIENTED_EDGE ( 'NONE', *, *, #1228, .F. ) ;
#990 = LINE ( 'NONE', #1005, #1819 ) ;
#991 = VERTEX_POINT ( 'NONE', #167 ) ;
#992 = CARTESIAN_POINT ( 'NONE',  ( 17.64000000000000100, -3.500000000000000000, 4.580000000000000100 ) ) ;
#993 = ORIENTED_EDGE ( 'NONE', *, *, #1039, .F. ) ;
#994 = PLANE ( 'NONE',  #301 ) ;
#995 = PLANE ( 'NONE',  #135 ) ;
#996 = DIRECTION ( 'NONE',  ( 1.000000000000000000, 0.0000000000000000000, -4.336808689942020200E-016 ) ) ;
#997 = EDGE_CURVE ( 'NONE', #949, #2128, #45, .T. ) ;
#998 = VECTOR ( 'NONE', #293, 1000.000000000000000 ) ;
#999 = CARTESIAN_POINT ( 'NONE',  ( -9.000000000000000000, 0.5000000000000000000, 6.049999999999999800 ) ) ;
#1000 = CARTESIAN_POINT ( 'NONE',  ( 12.05999999999999900, 0.5000000000000000000, 5.580000000000000100 ) ) ;
#1001 = LINE ( 'NONE', #576, #940 ) ;
#1002 = FACE_OUTER_BOUND ( 'NONE', #321, .T. ) ;
#1003 = ORIENTED_EDGE ( 'NONE', *, *, #133, .T. ) ;
#1004 = ORIENTED_EDGE ( 'NONE', *, *, #319, .F. ) ;
#1005 = CARTESIAN_POINT ( 'NONE',  ( -4.450000000000000200, -3.500000000000000000, -5.580000000000000100 ) ) ;
#1006 = ORIENTED_EDGE ( 'NONE', *, *, #1481, .F. ) ;
#1007 = DIRECTION ( 'NONE',  ( 1.000000000000000000, 0.0000000000000000000, 0.0000000000000000000 ) ) ;
#1008 = EDGE_LOOP ( 'NONE', ( #1147, #1943, #2134, #2014 ) ) ;
#1009 = EDGE_CURVE ( 'NONE', #1521, #145, #481, .T. ) ;
#1010 = AXIS2_PLACEMENT_3D ( 'NONE', #470, #1445, #2137 ) ;
#1011 = ORIENTED_EDGE ( 'NONE', *, *, #849, .T. ) ;
#1012 = FACE_OUTER_BOUND ( 'NONE', #503, .T. ) ;
#1013 = CARTESIAN_POINT ( 'NONE',  ( 0.0000000000000000000, -3.500000000000000000, 0.0000000000000000000 ) ) ;
#1014 = CARTESIAN_POINT ( 'NONE',  ( 17.14000000000000100, -3.500000000000000000, 4.580000000000000100 ) ) ;
#1015 = EDGE_CURVE ( 'NONE', #1882, #1893, #1294, .T. ) ;
#1016 = CARTESIAN_POINT ( 'NONE',  ( 17.14000000000000100, 0.5000000000000000000, 4.580000000000000100 ) ) ;
#1017 = ORIENTED_EDGE ( 'NONE', *, *, #1743, .F. ) ;
#1018 = VECTOR ( 'NONE', #1612, 1000.000000000000000 ) ;
#1019 = LINE ( 'NONE', #546, #1505 ) ;
#1020 = ORIENTED_EDGE ( 'NONE', *, *, #52, .T. ) ;
#1021 = VECTOR ( 'NONE', #227, 1000.000000000000000 ) ;
#1022 = ORIENTED_EDGE ( 'NONE', *, *, #552, .F. ) ;
#1023 = VECTOR ( 'NONE', #1982, 1000.000000000000000 ) ;
#1024 = VECTOR ( 'NONE', #1363, 1000.000000000000000 ) ;
#1025 = ORIENTED_EDGE ( 'NONE', *, *, #1829, .T. ) ;
#1026 = DIRECTION ( 'NONE',  ( -1.000000000000000000, 0.0000000000000000000, 0.0000000000000000000 ) ) ;
#1027 = DIRECTION ( 'NONE',  ( 0.0000000000000000000, 0.0000000000000000000, 1.000000000000000000 ) ) ;
#1028 = VERTEX_POINT ( 'NONE', #1467 ) ;
#1029 = CARTESIAN_POINT ( 'NONE',  ( 11.60000000000000000, 0.5000000000000000000, -6.049999999999999800 ) ) ;
#1030 = EDGE_CURVE ( 'NONE', #1675, #1375, #1687, .T. ) ;
#1031 = FACE_BOUND ( 'NONE', #212, .T. ) ;
#1032 = DIRECTION ( 'NONE',  ( 0.0000000000000000000, 1.000000000000000000, 0.0000000000000000000 ) ) ;
#1033 = VECTOR ( 'NONE', #1993, 1000.000000000000000 ) ;
#1034 = VERTEX_POINT ( 'NONE', #256 ) ;
#1035 = ORIENTED_EDGE ( 'NONE', *, *, #772, .T. ) ;
#1036 = EDGE_CURVE ( 'NONE', #103, #60, #867, .T. ) ;
#1037 = ORIENTED_EDGE ( 'NONE', *, *, #1254, .F. ) ;
#1038 = AXIS2_PLACEMENT_3D ( 'NONE', #662, #996, #9 ) ;
#1039 = EDGE_CURVE ( 'NONE', #1872, #773, #822, .T. ) ;
#1040 = VECTOR ( 'NONE', #1103, 1000.000000000000000 ) ;
#1041 = VECTOR ( 'NONE', #425, 1000.000000000000000 ) ;
#1042 = EDGE_CURVE ( 'NONE', #539, #420, #913, .T. ) ;
#1043 = ADVANCED_FACE ( 'NONE', ( #2086 ), #1402, .T. ) ;
#1044 = LINE ( 'NONE', #93, #1489 ) ;
#1045 = ORIENTED_EDGE ( 'NONE', *, *, #772, .F. ) ;
#1046 = CARTESIAN_POINT ( 'NONE',  ( -9.000000000000000000, 0.5000000000000000000, -6.049999999999999800 ) ) ;
#1047 = CARTESIAN_POINT ( 'NONE',  ( 0.6300000000000000000, 0.5000000000000000000, -5.580000000000000100 ) ) ;
#1048 = ORIENTED_EDGE ( 'NONE', *, *, #1589, .T. ) ;
#1049 = CARTESIAN_POINT ( 'NONE',  ( -18.41999999999999800, -3.500000000000000000, 4.580000000000000100 ) ) ;
#1050 = ORIENTED_EDGE ( 'NONE', *, *, #1042, .F. ) ;
#1051 = ORIENTED_EDGE ( 'NONE', *, *, #1404, .T. ) ;
#1052 = ADVANCED_FACE ( 'NONE', ( #2033 ), #1747, .F. ) ;
#1053 = EDGE_LOOP ( 'NONE', ( #1285, #1756, #854, #443 ) ) ;
#1054 = CARTESIAN_POINT ( 'NONE',  ( 0.0000000000000000000, -3.500000000000000000, 0.0000000000000000000 ) ) ;
#1055 = FILL_AREA_STYLE ('',( #74 ) ) ;
#1056 = LINE ( 'NONE', #1984, #240 ) ;
#1057 = EDGE_CURVE ( 'NONE', #420, #80, #1575, .T. ) ;
#1058 = ORIENTED_EDGE ( 'NONE', *, *, #533, .T. ) ;
#1059 = CARTESIAN_POINT ( 'NONE',  ( -18.41999999999999800, -3.500000000000000000, 4.580000000000000100 ) ) ;
#1060 = CARTESIAN_POINT ( 'NONE',  ( 17.14000000000000100, -3.500000000000000000, -5.580000000000000100 ) ) ;
#1061 =( GEOMETRIC_REPRESENTATION_CONTEXT ( 3 ) GLOBAL_UNCERTAINTY_ASSIGNED_CONTEXT ( ( #1518 ) ) GLOBAL_UNIT_ASSIGNED_CONTEXT ( ( #1542, #565, #1715 ) ) REPRESENTATION_CONTEXT ( 'NONE', 'WORKASPACE' ) );
#1062 = ADVANCED_FACE ( 'NONE', ( #329 ), #1406, .T. ) ;
#1063 = DIRECTION ( 'NONE',  ( 0.0000000000000000000, 1.000000000000000000, 0.0000000000000000000 ) ) ;
#1064 = VECTOR ( 'NONE', #620, 1000.000000000000000 ) ;
#1065 = LINE ( 'NONE', #46, #155 ) ;
#1066 = ORIENTED_EDGE ( 'NONE', *, *, #1139, .T. ) ;
#1067 = CARTESIAN_POINT ( 'NONE',  ( -4.450000000000000200, -3.500000000000000000, -5.580000000000000100 ) ) ;
#1068 = DIRECTION ( 'NONE',  ( 1.000000000000000000, 0.0000000000000000000, 0.0000000000000000000 ) ) ;
#1069 = LINE ( 'NONE', #1401, #1507 ) ;
#1070 = CARTESIAN_POINT ( 'NONE',  ( 0.6300000000000000000, -3.500000000000000000, -4.580000000000000100 ) ) ;
#1071 = ORIENTED_EDGE ( 'NONE', *, *, #1009, .F. ) ;
#1072 = LINE ( 'NONE', #1135, #1120 ) ;
#1073 = VERTEX_POINT ( 'NONE', #764 ) ;
#1074 = AXIS2_PLACEMENT_3D ( 'NONE', #1087, #926, #2094 ) ;
#1075 = DIRECTION ( 'NONE',  ( 0.0000000000000000000, 0.0000000000000000000, 1.000000000000000000 ) ) ;
#1076 = ORIENTED_EDGE ( 'NONE', *, *, #567, .T. ) ;
#1077 = ADVANCED_FACE ( 'NONE', ( #275 ), #604, .T. ) ;
#1078 = CARTESIAN_POINT ( 'NONE',  ( -18.41999999999999800, -3.500000000000000000, -4.580000000000000100 ) ) ;
#1079 = PLANE ( 'NONE',  #733 ) ;
#1080 = DIRECTION ( 'NONE',  ( 0.0000000000000000000, 0.0000000000000000000, -1.000000000000000000 ) ) ;
#1081 = ORIENTED_EDGE ( 'NONE', *, *, #1977, .F. ) ;
#1082 = DIRECTION ( 'NONE',  ( 0.0000000000000000000, 0.0000000000000000000, 1.000000000000000000 ) ) ;
#1083 = EDGE_CURVE ( 'NONE', #920, #641, #1143, .T. ) ;
#1084 = FACE_BOUND ( 'NONE', #2145, .T. ) ;
#1085 = LINE ( 'NONE', #1644, #600 ) ;
#1086 = VERTEX_POINT ( 'NONE', #1924 ) ;
#1087 = CARTESIAN_POINT ( 'NONE',  ( -18.41999999999999800, -3.500000000000000000, 5.580000000000000100 ) ) ;
#1088 = DIRECTION ( 'NONE',  ( 0.0000000000000000000, 0.0000000000000000000, 1.000000000000000000 ) ) ;
#1089 = CARTESIAN_POINT ( 'NONE',  ( -4.450000000000000200, 0.5000000000000000000, -5.580000000000000100 ) ) ;
#1090 = FACE_OUTER_BOUND ( 'NONE', #426, .T. ) ;
#1091 = CARTESIAN_POINT ( 'NONE',  ( 11.60000000000000000, 0.5000000000000000000, -6.049999999999999800 ) ) ;
#1092 = LINE ( 'NONE', #1914, #185 ) ;
#1093 = LINE ( 'NONE', #1713, #1935 ) ;
#1094 = CARTESIAN_POINT ( 'NONE',  ( -18.41999999999999800, -3.500000000000000000, 5.580000000000000100 ) ) ;
#1095 = EDGE_CURVE ( 'NONE', #1617, #1372, #1987, .T. ) ;
#1096 = CARTESIAN_POINT ( 'NONE',  ( 1.129999999999999900, -3.500000000000000000, 5.580000000000000100 ) ) ;
#1097 = DIRECTION ( 'NONE',  ( 0.0000000000000000000, -1.000000000000000000, 0.0000000000000000000 ) ) ;
#1098 = ADVANCED_FACE ( 'NONE', ( #1090 ), #1585, .T. ) ;
#1099 = EDGE_LOOP ( 'NONE', ( #1778, #1890, #1814, #1011 ) ) ;
#1100 = AXIS2_PLACEMENT_3D ( 'NONE', #957, #581, #1075 ) ;
#1101 = EDGE_LOOP ( 'NONE', ( #20, #1179, #1728, #1825 ) ) ;
#1102 = AXIS2_PLACEMENT_3D ( 'NONE', #2106, #136, #1265 ) ;
#1103 = DIRECTION ( 'NONE',  ( 0.0000000000000000000, 0.0000000000000000000, 1.000000000000000000 ) ) ;
#1104 = ORIENTED_EDGE ( 'NONE', *, *, #517, .T. ) ;
#1105 = ORIENTED_EDGE ( 'NONE', *, *, #865, .F. ) ;
#1106 = LINE ( 'NONE', #829, #2003 ) ;
#1107 = DIRECTION ( 'NONE',  ( -1.000000000000000000, 0.0000000000000000000, 0.0000000000000000000 ) ) ;
#1108 = ADVANCED_FACE ( 'NONE', ( #1525 ), #1260, .T. ) ;
#1109 = EDGE_CURVE ( 'NONE', #2098, #1663, #1479, .T. ) ;
#1110 = CARTESIAN_POINT ( 'NONE',  ( -18.41999999999999800, -3.500000000000000000, -4.580000000000000100 ) ) ;
#1111 = PLANE ( 'NONE',  #1353 ) ;
#1112 = LINE ( 'NONE', #1279, #151 ) ;
#1113 = DIRECTION ( 'NONE',  ( 0.0000000000000000000, 0.0000000000000000000, -1.000000000000000000 ) ) ;
#1114 = EDGE_CURVE ( 'NONE', #773, #899, #222, .T. ) ;
#1115 = DIRECTION ( 'NONE',  ( 1.000000000000000000, 0.0000000000000000000, -3.469446951953615000E-015 ) ) ;
#1116 = LINE ( 'NONE', #1369, #686 ) ;
#1117 = FACE_OUTER_BOUND ( 'NONE', #2077, .T. ) ;
#1118 = CARTESIAN_POINT ( 'NONE',  ( 0.6300000000000000000, -3.500000000000000000, -4.580000000000000100 ) ) ;
#1119 = EDGE_LOOP ( 'NONE', ( #368, #1875, #1281, #807 ) ) ;
#1120 = VECTOR ( 'NONE', #1296, 1000.000000000000000 ) ;
#1121 = DIRECTION ( 'NONE',  ( 0.0000000000000000000, 1.000000000000000000, 0.0000000000000000000 ) ) ;
#1122 = VERTEX_POINT ( 'NONE', #449 ) ;
#1123 = VERTEX_POINT ( 'NONE', #780 ) ;
#1124 = DIRECTION ( 'NONE',  ( 0.0000000000000000000, 0.0000000000000000000, -1.000000000000000000 ) ) ;
#1125 = EDGE_LOOP ( 'NONE', ( #466, #1980, #523, #754, #1455, #1351, #1331, #883, #64, #1658, #480, #34, #496, #1104, #1221, #1325, #929, #1376, #535, #525 ) ) ;
#1126 = CARTESIAN_POINT ( 'NONE',  ( 12.05999999999999900, -3.500000000000000000, -5.580000000000000100 ) ) ;
#1127 = ORIENTED_EDGE ( 'NONE', *, *, #1981, .F. ) ;
#1128 = CARTESIAN_POINT ( 'NONE',  ( 1.129999999999999900, -3.500000000000000000, -5.580000000000000100 ) ) ;
#1129 = DIRECTION ( 'NONE',  ( -0.7071067811865450200, 0.7071067811865500200, 0.0000000000000000000 ) ) ;
#1130 = ORIENTED_EDGE ( 'NONE', *, *, #498, .T. ) ;
#1131 = FACE_OUTER_BOUND ( 'NONE', #1968, .T. ) ;
#1132 = CARTESIAN_POINT ( 'NONE',  ( 17.64000000000000100, -3.500000000000000000, 5.580000000000000100 ) ) ;
#1133 = CARTESIAN_POINT ( 'NONE',  ( 11.60000000000000000, 0.5000000000000000000, 6.500000000000000000 ) ) ;
#1134 = FACE_OUTER_BOUND ( 'NONE', #1405, .T. ) ;
#1135 = CARTESIAN_POINT ( 'NONE',  ( -17.91999999999999800, -3.500000000000000000, -5.580000000000000100 ) ) ;
#1136 = ORIENTED_EDGE ( 'NONE', *, *, #1534, .T. ) ;
#1137 = DIRECTION ( 'NONE',  ( 0.0000000000000000000, 0.0000000000000000000, -1.000000000000000000 ) ) ;
#1138 = ORIENTED_EDGE ( 'NONE', *, *, #390, .T. ) ;
#1139 = EDGE_CURVE ( 'NONE', #1034, #672, #183, .T. ) ;
#1140 = DIRECTION ( 'NONE',  ( 0.0000000000000000000, 0.0000000000000000000, -1.000000000000000000 ) ) ;
#1141 = AXIS2_PLACEMENT_3D ( 'NONE', #629, #795, #1956 ) ;
#1142 = CARTESIAN_POINT ( 'NONE',  ( 11.60000000000000000, 0.5000000000000000000, -6.500000000000000000 ) ) ;
#1143 = LINE ( 'NONE', #1089, #709 ) ;
#1144 = EDGE_CURVE ( 'NONE', #1857, #2122, #1929, .T. ) ;
#1145 = DIRECTION ( 'NONE',  ( 1.000000000000000000, 0.0000000000000000000, 0.0000000000000000000 ) ) ;
#1146 = VECTOR ( 'NONE', #1995, 1000.000000000000000 ) ;
#1147 = ORIENTED_EDGE ( 'NONE', *, *, #1333, .T. ) ;
#1148 = LINE ( 'NONE', #1671, #279 ) ;
#1149 = LINE ( 'NONE', #718, #767 ) ;
#1150 = EDGE_CURVE ( 'NONE', #158, #1372, #1880, .T. ) ;
#1151 = DIRECTION ( 'NONE',  ( -1.000000000000000000, 0.0000000000000000000, 0.0000000000000000000 ) ) ;
#1152 = ORIENTED_EDGE ( 'NONE', *, *, #1888, .T. ) ;
#1153 = CARTESIAN_POINT ( 'NONE',  ( -18.41999999999999800, -3.500000000000000000, 5.580000000000000100 ) ) ;
#1154 = CARTESIAN_POINT ( 'NONE',  ( 12.05999999999999900, -3.500000000000000000, 4.580000000000000100 ) ) ;
#1155 = VERTEX_POINT ( 'NONE', #1950 ) ;
#1156 = EDGE_CURVE ( 'NONE', #2069, #1705, #1365, .T. ) ;
#1157 = CARTESIAN_POINT ( 'NONE',  ( -20.00000000000000000, 24.00000000000000000, 6.500000000000000000 ) ) ;
#1158 = EDGE_LOOP ( 'NONE', ( #208, #435, #973, #1051 ) ) ;
#1159 = VECTOR ( 'NONE', #1595, 1000.000000000000000 ) ;
#1160 = DIRECTION ( 'NONE',  ( 0.0000000000000000000, 1.000000000000000000, 0.0000000000000000000 ) ) ;
#1161 = VERTEX_POINT ( 'NONE', #951 ) ;
#1162 = LINE ( 'NONE', #324, #726 ) ;
#1163 = ORIENTED_EDGE ( 'NONE', *, *, #294, .T. ) ;
#1164 = ORIENTED_EDGE ( 'NONE', *, *, #1156, .F. ) ;
#1165 = DIRECTION ( 'NONE',  ( 1.000000000000000000, 3.061616997868404600E-017, 0.0000000000000000000 ) ) ;
#1166 = VERTEX_POINT ( 'NONE', #1776 ) ;
#1167 = CARTESIAN_POINT ( 'NONE',  ( 17.14000000000000100, 0.5000000000000000000, 5.580000000000000100 ) ) ;
#1168 = EDGE_CURVE ( 'NONE', #505, #1300, #1832, .T. ) ;
#1169 = DIRECTION ( 'NONE',  ( 0.0000000000000000000, 0.0000000000000000000, -1.000000000000000000 ) ) ;
#1170 = CARTESIAN_POINT ( 'NONE',  ( -11.50000000000000000, 0.0000000000000000000, 6.500000000000000000 ) ) ;
#1171 = VECTOR ( 'NONE', #281, 1000.000000000000000 ) ;
#1172 = CARTESIAN_POINT ( 'NONE',  ( 11.60000000000000000, 0.5000000000000000000, -6.049999999999999800 ) ) ;
#1173 = AXIS2_PLACEMENT_3D ( 'NONE', #728, #720, #2046 ) ;
#1174 = DIRECTION ( 'NONE',  ( 0.0000000000000000000, 0.0000000000000000000, -1.000000000000000000 ) ) ;
#1175 = VECTOR ( 'NONE', #1903, 1000.000000000000000 ) ;
#1176 = EDGE_LOOP ( 'NONE', ( #1399, #1971, #1448, #134 ) ) ;
#1177 = AXIS2_PLACEMENT_3D ( 'NONE', #1013, #1502, #527 ) ;
#1178 = SURFACE_STYLE_FILL_AREA ( #1878 ) ;
#1179 = ORIENTED_EDGE ( 'NONE', *, *, #52, .F. ) ;
#1180 = ORIENTED_EDGE ( 'NONE', *, *, #1727, .T. ) ;
#1181 = CARTESIAN_POINT ( 'NONE',  ( -20.00000000000000000, 24.00000000000000000, -6.500000000000000000 ) ) ;
#1182 = ORIENTED_EDGE ( 'NONE', *, *, #533, .F. ) ;
#1183 = VERTEX_POINT ( 'NONE', #788 ) ;
#1184 = VECTOR ( 'NONE', #1515, 1000.000000000000000 ) ;
#1185 = VECTOR ( 'NONE', #818, 1000.000000000000000 ) ;
#1186 = CARTESIAN_POINT ( 'NONE',  ( 12.05999999999999900, -3.500000000000000000, 5.580000000000000100 ) ) ;
#1187 = ORIENTED_EDGE ( 'NONE', *, *, #220, .F. ) ;
#1188 = DIRECTION ( 'NONE',  ( -0.7071067811865475700, -0.7071067811865475700, 0.0000000000000000000 ) ) ;
#1189 = EDGE_CURVE ( 'NONE', #917, #811, #475, .T. ) ;
#1190 = VECTOR ( 'NONE', #1080, 1000.000000000000000 ) ;
#1191 = LINE ( 'NONE', #1683, #1239 ) ;
#1192 = LINE ( 'NONE', #1153, #2144 ) ;
#1193 = ORIENTED_EDGE ( 'NONE', *, *, #485, .F. ) ;
#1194 = VECTOR ( 'NONE', #1165, 1000.000000000000000 ) ;
#1195 = LINE ( 'NONE', #57, #1583 ) ;
#1196 = VERTEX_POINT ( 'NONE', #1273 ) ;
#1197 = ORIENTED_EDGE ( 'NONE', *, *, #15, .F. ) ;
#1198 = ADVANCED_FACE ( 'NONE', ( #1735 ), #800, .T. ) ;
#1199 = CARTESIAN_POINT ( 'NONE',  ( 0.6300000000000000000, -3.500000000000000000, 5.580000000000000100 ) ) ;
#1200 = ORIENTED_EDGE ( 'NONE', *, *, #59, .T. ) ;
#1201 = DIRECTION ( 'NONE',  ( 0.0000000000000000000, -1.000000000000000000, 0.0000000000000000000 ) ) ;
#1202 = EDGE_CURVE ( 'NONE', #1649, #2069, #1289, .T. ) ;
#1203 = VECTOR ( 'NONE', #619, 1000.000000000000000 ) ;
#1204 = DIRECTION ( 'NONE',  ( 0.7071067811865470200, 0.7071067811865480200, 0.0000000000000000000 ) ) ;
#1205 = ORIENTED_EDGE ( 'NONE', *, *, #664, .T. ) ;
#1206 = VECTOR ( 'NONE', #482, 1000.000000000000000 ) ;
#1207 = EDGE_LOOP ( 'NONE', ( #252, #989, #933, #569, #372, #1673, #1590, #1130, #1621, #744, #820, #2030 ) ) ;
#1208 = DIRECTION ( 'NONE',  ( 1.000000000000000000, 0.0000000000000000000, 0.0000000000000000000 ) ) ;
#1209 = DIRECTION ( 'NONE',  ( 0.0000000000000000000, -1.000000000000000000, 0.0000000000000000000 ) ) ;
#1210 = CARTESIAN_POINT ( 'NONE',  ( 0.0000000000000000000, 0.0000000000000000000, 0.0000000000000000000 ) ) ;
#1211 = ADVANCED_FACE ( 'NONE', ( #1418 ), #1620, .T. ) ;
#1212 = CARTESIAN_POINT ( 'NONE',  ( -9.500000000000000000, 0.0000000000000000000, 6.500000000000000000 ) ) ;
#1213 = SURFACE_STYLE_USAGE ( .BOTH. , #83 ) ;
#1214 = LINE ( 'NONE', #1253, #2111 ) ;
#1215 = EDGE_CURVE ( 'NONE', #1226, #80, #1234, .T. ) ;
#1216 = AXIS2_PLACEMENT_3D ( 'NONE', #1132, #1710, #1361 ) ;
#1217 = CARTESIAN_POINT ( 'NONE',  ( 12.56000000000000000, -3.500000000000000000, 4.580000000000000100 ) ) ;
#1218 = LINE ( 'NONE', #297, #1554 ) ;
#1219 = ORIENTED_EDGE ( 'NONE', *, *, #865, .T. ) ;
#1220 = ADVANCED_FACE ( 'NONE', ( #2131 ), #153, .F. ) ;
#1221 = ORIENTED_EDGE ( 'NONE', *, *, #1501, .T. ) ;
#1222 = CARTESIAN_POINT ( 'NONE',  ( 1.129999999999999900, 0.5000000000000000000, 5.580000000000000100 ) ) ;
#1223 = DIRECTION ( 'NONE',  ( -1.000000000000000000, -3.061616997868404600E-017, 0.0000000000000000000 ) ) ;
#1224 = CARTESIAN_POINT ( 'NONE',  ( 12.56000000000000000, 0.5000000000000000000, 5.580000000000000100 ) ) ;
#1225 = DIRECTION ( 'NONE',  ( 0.0000000000000000000, 0.0000000000000000000, 1.000000000000000000 ) ) ;
#1226 = VERTEX_POINT ( 'NONE', #1967 ) ;
#1227 = CARTESIAN_POINT ( 'NONE',  ( 11.60000000000000000, 0.5000000000000000000, 6.049999999999999800 ) ) ;
#1228 = EDGE_CURVE ( 'NONE', #1649, #332, #1679, .T. ) ;
#1229 = ORIENTED_EDGE ( 'NONE', *, *, #1635, .T. ) ;
#1230 = CARTESIAN_POINT ( 'NONE',  ( -9.000000000000000000, 0.5000000000000000000, -6.049999999999999800 ) ) ;
#1231 = ORIENTED_EDGE ( 'NONE', *, *, #1446, .F. ) ;
#1232 = VECTOR ( 'NONE', #1336, 1000.000000000000000 ) ;
#1233 = ADVANCED_FACE ( 'NONE', ( #2080 ), #478, .F. ) ;
#1234 = LINE ( 'NONE', #2130, #862 ) ;
#1235 = CARTESIAN_POINT ( 'NONE',  ( -20.00000000000000000, 24.00000000000000000, -6.500000000000000000 ) ) ;
#1236 = ORIENTED_EDGE ( 'NONE', *, *, #1313, .T. ) ;
#1237 = DIRECTION ( 'NONE',  ( 0.0000000000000000000, 0.0000000000000000000, 1.000000000000000000 ) ) ;
#1238 = VECTOR ( 'NONE', #421, 1000.000000000000100 ) ;
#1239 = VECTOR ( 'NONE', #1335, 1000.000000000000000 ) ;
#1240 = LINE ( 'NONE', #501, #1641 ) ;
#1241 = CARTESIAN_POINT ( 'NONE',  ( 11.10000000000000000, 6.123233995736810400E-017, -6.500000000000000000 ) ) ;
#1242 = EDGE_CURVE ( 'NONE', #469, #1283, #815, .T. ) ;
#1243 = ORIENTED_EDGE ( 'NONE', *, *, #1835, .T. ) ;
#1244 = VECTOR ( 'NONE', #1321, 1000.000000000000000 ) ;
#1245 = DIRECTION ( 'NONE',  ( 0.7071067811865470200, 0.7071067811865480200, 0.0000000000000000000 ) ) ;
#1246 = LINE ( 'NONE', #628, #385 ) ;
#1247 = VERTEX_POINT ( 'NONE', #327 ) ;
#1248 = STYLED_ITEM ( 'NONE', ( #742 ), #69 ) ;
#1249 = AXIS2_PLACEMENT_3D ( 'NONE', #1154, #334, #1488 ) ;
#1250 = ORIENTED_EDGE ( 'NONE', *, *, #1866, .F. ) ;
#1251 = CARTESIAN_POINT ( 'NONE',  ( -17.91999999999999800, -3.500000000000000000, 5.580000000000000100 ) ) ;
#1252 = VERTEX_POINT ( 'NONE', #1464 ) ;
#1253 = CARTESIAN_POINT ( 'NONE',  ( 0.6300000000000000000, -3.500000000000000000, -4.580000000000000100 ) ) ;
#1254 = EDGE_CURVE ( 'NONE', #1675, #778, #371, .T. ) ;
#1255 = VECTOR ( 'NONE', #937, 1000.000000000000000 ) ;
#1256 = VERTEX_POINT ( 'NONE', #654 ) ;
#1257 = VECTOR ( 'NONE', #636, 1000.000000000000000 ) ;
#1258 = ADVANCED_FACE ( 'NONE', ( #325 ), #984, .T. ) ;
#1259 = VERTEX_POINT ( 'NONE', #1634 ) ;
#1260 = PLANE ( 'NONE',  #1512 ) ;
#1261 = EDGE_CURVE ( 'NONE', #939, #484, #2028, .T. ) ;
#1262 = DIRECTION ( 'NONE',  ( 0.0000000000000000000, 1.000000000000000000, 0.0000000000000000000 ) ) ;
#1263 = CARTESIAN_POINT ( 'NONE',  ( 1.129999999999999900, 0.5000000000000000000, -5.580000000000000100 ) ) ;
#1264 = CARTESIAN_POINT ( 'NONE',  ( -9.500000000000000000, 0.0000000000000000000, 6.049999999999999800 ) ) ;
#1265 = DIRECTION ( 'NONE',  ( 1.000000000000000000, 0.0000000000000000000, 0.0000000000000000000 ) ) ;
#1266 = PLANE ( 'NONE',  #1670 ) ;
#1267 = CARTESIAN_POINT ( 'NONE',  ( -20.00000000000000000, 24.00000000000000000, -6.500000000000000000 ) ) ;
#1268 = VECTOR ( 'NONE', #225, 1000.000000000000000 ) ;
#1269 = ADVANCED_FACE ( 'NONE', ( #1134 ), #1472, .T. ) ;
#1270 = ORIENTED_EDGE ( 'NONE', *, *, #1676, .F. ) ;
#1271 = LINE ( 'NONE', #423, #850 ) ;
#1272 = EDGE_LOOP ( 'NONE', ( #235, #242, #697, #2066 ) ) ;
#1273 = CARTESIAN_POINT ( 'NONE',  ( -3.950000000000000200, 0.5000000000000000000, -4.580000000000000100 ) ) ;
#1274 = EDGE_CURVE ( 'NONE', #1161, #218, #752, .T. ) ;
#1275 = ORIENTED_EDGE ( 'NONE', *, *, #1057, .T. ) ;
#1276 = ORIENTED_EDGE ( 'NONE', *, *, #1333, .F. ) ;
#1277 = PLANE ( 'NONE',  #1545 ) ;
#1278 = CARTESIAN_POINT ( 'NONE',  ( 0.6300000000000000000, -3.500000000000000000, 4.580000000000000100 ) ) ;
#1279 = CARTESIAN_POINT ( 'NONE',  ( 12.05999999999999900, -3.500000000000000000, -4.580000000000000100 ) ) ;
#1280 = PLANE ( 'NONE',  #670 ) ;
#1281 = ORIENTED_EDGE ( 'NONE', *, *, #1261, .F. ) ;
#1282 = DIRECTION ( 'NONE',  ( 1.000000000000000000, 0.0000000000000000000, 0.0000000000000000000 ) ) ;
#1283 = VERTEX_POINT ( 'NONE', #179 ) ;
#1284 = CARTESIAN_POINT ( 'NONE',  ( -4.450000000000000200, -3.500000000000000000, 5.580000000000000100 ) ) ;
#1285 = ORIENTED_EDGE ( 'NONE', *, *, #1261, .T. ) ;
#1286 = VECTOR ( 'NONE', #31, 1000.000000000000000 ) ;
#1287 = CARTESIAN_POINT ( 'NONE',  ( 20.00000000000000000, 24.00000000000000000, -6.500000000000000000 ) ) ;
#1288 = PLANE ( 'NONE',  #1577 ) ;
#1289 = LINE ( 'NONE', #146, #418 ) ;
#1290 = ORIENTED_EDGE ( 'NONE', *, *, #1471, .F. ) ;
#1291 = DIRECTION ( 'NONE',  ( -1.734723475976805100E-015, 0.0000000000000000000, -1.000000000000000000 ) ) ;
#1292 = AXIS2_PLACEMENT_3D ( 'NONE', #117, #1933, #935 ) ;
#1293 = EDGE_CURVE ( 'NONE', #834, #750, #701, .T. ) ;
#1294 = LINE ( 'NONE', #493, #428 ) ;
#1295 = EDGE_CURVE ( 'NONE', #1166, #3, #1519, .T. ) ;
#1296 = DIRECTION ( 'NONE',  ( 0.0000000000000000000, 0.0000000000000000000, 1.000000000000000000 ) ) ;
#1297 = CARTESIAN_POINT ( 'NONE',  ( -4.450000000000000200, 0.5000000000000000000, -4.580000000000000100 ) ) ;
#1298 = VECTOR ( 'NONE', #165, 1000.000000000000000 ) ;
#1299 = LINE ( 'NONE', #1059, #1690 ) ;
#1300 = VERTEX_POINT ( 'NONE', #665 ) ;
#1301 = LINE ( 'NONE', #844, #1194 ) ;
#1302 = LINE ( 'NONE', #1267, #2148 ) ;
#1303 = ORIENTED_EDGE ( 'NONE', *, *, #1168, .F. ) ;
#1304 = DIRECTION ( 'NONE',  ( 0.0000000000000000000, 0.0000000000000000000, -1.000000000000000000 ) ) ;
#1305 = ORIENTED_EDGE ( 'NONE', *, *, #337, .T. ) ;
#1306 = VECTOR ( 'NONE', #928, 1000.000000000000000 ) ;
#1307 = ORIENTED_EDGE ( 'NONE', *, *, #454, .T. ) ;
#1308 = VECTOR ( 'NONE', #1605, 1000.000000000000000 ) ;
#1309 = DIRECTION ( 'NONE',  ( 0.0000000000000000000, 0.0000000000000000000, 1.000000000000000000 ) ) ;
#1310 = DIRECTION ( 'NONE',  ( 0.0000000000000000000, 0.0000000000000000000, -1.000000000000000000 ) ) ;
#1311 = ORIENTED_EDGE ( 'NONE', *, *, #1937, .F. ) ;
#1312 = PLANE ( 'NONE',  #1249 ) ;
#1313 = EDGE_CURVE ( 'NONE', #877, #1183, #216, .T. ) ;
#1314 = PLANE ( 'NONE',  #738 ) ;
#1315 = AXIS2_PLACEMENT_3D ( 'NONE', #1905, #578, #409 ) ;
#1316 = CARTESIAN_POINT ( 'NONE',  ( -9.000000000000000000, 0.5000000000000000000, -6.049999999999999800 ) ) ;
#1317 = VECTOR ( 'NONE', #1463, 1000.000000000000000 ) ;
#1318 = AXIS2_PLACEMENT_3D ( 'NONE', #1428, #1951, #954 ) ;
#1319 = LINE ( 'NONE', #267, #893 ) ;
#1320 = ORIENTED_EDGE ( 'NONE', *, *, #147, .T. ) ;
#1321 = DIRECTION ( 'NONE',  ( 0.0000000000000000000, 0.0000000000000000000, 1.000000000000000000 ) ) ;
#1322 = VERTEX_POINT ( 'NONE', #1157 ) ;
#1323 = VERTEX_POINT ( 'NONE', #14 ) ;
#1324 = CARTESIAN_POINT ( 'NONE',  ( 11.10000000000000000, 6.123233995736810400E-017, 6.049999999999999800 ) ) ;
#1325 = ORIENTED_EDGE ( 'NONE', *, *, #580, .T. ) ;
#1326 = EDGE_CURVE ( 'NONE', #630, #725, #1469, .T. ) ;
#1327 = ORIENTED_EDGE ( 'NONE', *, *, #595, .T. ) ;
#1328 = CARTESIAN_POINT ( 'NONE',  ( 12.05999999999999900, -3.500000000000000000, 5.580000000000000100 ) ) ;
#1329 = PLANE ( 'NONE',  #1930 ) ;
#1330 = CARTESIAN_POINT ( 'NONE',  ( 20.00000000000000000, 24.00000000000000000, 6.500000000000000000 ) ) ;
#1331 = ORIENTED_EDGE ( 'NONE', *, *, #1957, .T. ) ;
#1332 = FACE_OUTER_BOUND ( 'NONE', #1458, .T. ) ;
#1333 = EDGE_CURVE ( 'NONE', #1028, #2071, #1085, .T. ) ;
#1334 = ORIENTED_EDGE ( 'NONE', *, *, #1295, .F. ) ;
#1335 = DIRECTION ( 'NONE',  ( 0.0000000000000000000, 1.000000000000000000, 0.0000000000000000000 ) ) ;
#1336 = DIRECTION ( 'NONE',  ( -1.000000000000000000, -8.673617379884040100E-018, 0.0000000000000000000 ) ) ;
#1337 = ORIENTED_EDGE ( 'NONE', *, *, #1293, .T. ) ;
#1338 = VECTOR ( 'NONE', #982, 1000.000000000000000 ) ;
#1339 = CARTESIAN_POINT ( 'NONE',  ( -3.950000000000000200, 0.5000000000000000000, -5.580000000000000100 ) ) ;
#1340 = VECTOR ( 'NONE', #384, 1000.000000000000000 ) ;
#1341 = ORIENTED_EDGE ( 'NONE', *, *, #925, .T. ) ;
#1342 = PLANE ( 'NONE',  #13 ) ;
#1343 = LINE ( 'NONE', #1884, #916 ) ;
#1344 = ORIENTED_EDGE ( 'NONE', *, *, #2050, .F. ) ;
#1345 = VECTOR ( 'NONE', #330, 1000.000000000000000 ) ;
#1346 = DIRECTION ( 'NONE',  ( 1.000000000000000000, 0.0000000000000000000, 0.0000000000000000000 ) ) ;
#1347 = FACE_OUTER_BOUND ( 'NONE', #602, .T. ) ;
#1348 = ORIENTED_EDGE ( 'NONE', *, *, #1144, .F. ) ;
#1349 = DIRECTION ( 'NONE',  ( -0.7071067811865470200, -0.7071067811865480200, 0.0000000000000000000 ) ) ;
#1350 = EDGE_CURVE ( 'NONE', #886, #2128, #1410, .T. ) ;
#1351 = ORIENTED_EDGE ( 'NONE', *, *, #609, .F. ) ;
#1352 = DIRECTION ( 'NONE',  ( -1.000000000000000000, -1.084202172485503800E-016, 0.0000000000000000000 ) ) ;
#1353 = AXIS2_PLACEMENT_3D ( 'NONE', #959, #1783, #1282 ) ;
#1354 = VECTOR ( 'NONE', #1757, 1000.000000000000000 ) ;
#1355 = PRESENTATION_LAYER_ASSIGNMENT (  '', '', ( #1248 ) ) ;
#1356 = ORIENTED_EDGE ( 'NONE', *, *, #809, .T. ) ;
#1357 = LINE ( 'NONE', #298, #1308 ) ;
#1358 = ORIENTED_EDGE ( 'NONE', *, *, #717, .T. ) ;
#1359 = ORIENTED_EDGE ( 'NONE', *, *, #837, .F. ) ;
#1360 = EDGE_CURVE ( 'NONE', #895, #1034, #990, .T. ) ;
#1361 = DIRECTION ( 'NONE',  ( 0.0000000000000000000, 0.0000000000000000000, -1.000000000000000000 ) ) ;
#1362 = DIRECTION ( 'NONE',  ( -1.000000000000000000, 0.0000000000000000000, 0.0000000000000000000 ) ) ;
#1363 = DIRECTION ( 'NONE',  ( 0.7071067811865470200, 0.7071067811865480200, 0.0000000000000000000 ) ) ;
#1364 = EDGE_CURVE ( 'NONE', #1910, #895, #172, .T. ) ;
#1365 = LINE ( 'NONE', #453, #1803 ) ;
#1366 = VECTOR ( 'NONE', #787, 1000.000000000000000 ) ;
#1367 = ADVANCED_FACE ( 'NONE', ( #65 ), #786, .T. ) ;
#1368 = DIRECTION ( 'NONE',  ( 1.000000000000000000, 0.0000000000000000000, 0.0000000000000000000 ) ) ;
#1369 = CARTESIAN_POINT ( 'NONE',  ( -9.500000000000000000, 0.0000000000000000000, -6.500000000000000000 ) ) ;
#1370 = VECTOR ( 'NONE', #1565, 1000.000000000000000 ) ;
#1371 = DIRECTION ( 'NONE',  ( 1.000000000000000000, 0.0000000000000000000, 0.0000000000000000000 ) ) ;
#1372 = VERTEX_POINT ( 'NONE', #2001 ) ;
#1373 = ORIENTED_EDGE ( 'NONE', *, *, #1925, .T. ) ;
#1374 = ORIENTED_EDGE ( 'NONE', *, *, #1274, .F. ) ;
#1375 = VERTEX_POINT ( 'NONE', #1432 ) ;
#1376 = ORIENTED_EDGE ( 'NONE', *, *, #828, .F. ) ;
#1377 =( NAMED_UNIT ( * ) PLANE_ANGLE_UNIT ( ) SI_UNIT ( $, .RADIAN. ) );
#1378 = EDGE_CURVE ( 'NONE', #876, #1559, #1357, .T. ) ;
#1379 = ADVANCED_FACE ( 'NONE', ( #115 ), #1946, .T. ) ;
#1380 = ORIENTED_EDGE ( 'NONE', *, *, #2105, .T. ) ;
#1381 = LINE ( 'NONE', #192, #91 ) ;
#1382 = AXIS2_PLACEMENT_3D ( 'NONE', #874, #376, #58 ) ;
#1383 = CARTESIAN_POINT ( 'NONE',  ( -11.50000000000000000, 0.0000000000000000000, -6.500000000000000000 ) ) ;
#1384 = DIRECTION ( 'NONE',  ( 1.000000000000000000, 0.0000000000000000000, 0.0000000000000000000 ) ) ;
#1385 = STYLED_ITEM ( 'NONE', ( #1422 ), #2079 ) ;
#1386 = ADVANCED_FACE ( 'NONE', ( #882 ), #1111, .T. ) ;
#1387 = CARTESIAN_POINT ( 'NONE',  ( -17.91999999999999800, -3.500000000000000000, -4.580000000000000100 ) ) ;
#1388 = PLANE ( 'NONE',  #961 ) ;
#1389 = CARTESIAN_POINT ( 'NONE',  ( 9.099999999999999600, 0.0000000000000000000, -6.049999999999999800 ) ) ;
#1390 = VECTOR ( 'NONE', #1449, 1000.000000000000000 ) ;
#1391 = DIRECTION ( 'NONE',  ( 0.0000000000000000000, 0.0000000000000000000, -1.000000000000000000 ) ) ;
#1392 = LINE ( 'NONE', #711, #1340 ) ;
#1393 = ORIENTED_EDGE ( 'NONE', *, *, #1350, .F. ) ;
#1394 = LINE ( 'NONE', #1724, #1021 ) ;
#1395 = ORIENTED_EDGE ( 'NONE', *, *, #1609, .F. ) ;
#1396 = LINE ( 'NONE', #1473, #1023 ) ;
#1397 = EDGE_CURVE ( 'NONE', #949, #1857, #504, .T. ) ;
#1398 = LINE ( 'NONE', #73, #1024 ) ;
#1399 = ORIENTED_EDGE ( 'NONE', *, *, #1083, .T. ) ;
#1400 = CARTESIAN_POINT ( 'NONE',  ( -9.000000000000000000, 0.5000000000000000000, 6.049999999999999800 ) ) ;
#1401 = CARTESIAN_POINT ( 'NONE',  ( 12.05999999999999900, -3.500000000000000000, -5.580000000000000100 ) ) ;
#1402 = PLANE ( 'NONE',  #415 ) ;
#1403 = CARTESIAN_POINT ( 'NONE',  ( -17.91999999999999800, -3.500000000000000000, -5.580000000000000100 ) ) ;
#1404 = EDGE_CURVE ( 'NONE', #413, #278, #11, .T. ) ;
#1405 = EDGE_LOOP ( 'NONE', ( #351, #851, #210, #2021 ) ) ;
#1406 = PLANE ( 'NONE',  #863 ) ;
#1407 = LINE ( 'NONE', #1661, #170 ) ;
#1408 = CARTESIAN_POINT ( 'NONE',  ( 17.64000000000000100, -3.500000000000000000, 5.580000000000000100 ) ) ;
#1409 = ORIENTED_EDGE ( 'NONE', *, *, #33, .T. ) ;
#1410 = LINE ( 'NONE', #673, #548 ) ;
#1411 = CARTESIAN_POINT ( 'NONE',  ( 12.05999999999999900, -3.500000000000000000, -5.580000000000000100 ) ) ;
#1412 = ORIENTED_EDGE ( 'NONE', *, *, #802, .F. ) ;
#1413 = ORIENTED_EDGE ( 'NONE', *, *, #19, .F. ) ;
#1414 = VERTEX_POINT ( 'NONE', #1961 ) ;
#1415 = CARTESIAN_POINT ( 'NONE',  ( -17.91999999999999800, 0.5000000000000000000, 5.580000000000000100 ) ) ;
#1416 = CARTESIAN_POINT ( 'NONE',  ( 17.14000000000000100, 0.5000000000000000000, 5.580000000000000100 ) ) ;
#1417 = CARTESIAN_POINT ( 'NONE',  ( 17.64000000000000100, -3.500000000000000000, -4.580000000000000100 ) ) ;
#1418 = FACE_OUTER_BOUND ( 'NONE', #391, .T. ) ;
#1419 = FACE_OUTER_BOUND ( 'NONE', #805, .T. ) ;
#1420 = CARTESIAN_POINT ( 'NONE',  ( 1.129999999999999900, -3.500000000000000000, -5.580000000000000100 ) ) ;
#1421 = EDGE_CURVE ( 'NONE', #906, #2071, #397, .T. ) ;
#1422 = PRESENTATION_STYLE_ASSIGNMENT (( #1213 ) ) ;
#1423 = LINE ( 'NONE', #776, #559 ) ;
#1424 = CARTESIAN_POINT ( 'NONE',  ( 20.00000000000000000, 0.5000000000000000000, 6.500000000000000000 ) ) ;
#1425 = ORIENTED_EDGE ( 'NONE', *, *, #1632, .T. ) ;
#1426 = ADVANCED_FACE ( 'NONE', ( #1706 ), #1288, .T. ) ;
#1427 = VERTEX_POINT ( 'NONE', #2127 ) ;
#1428 = CARTESIAN_POINT ( 'NONE',  ( 12.56000000000000000, -3.500000000000000000, -5.580000000000000100 ) ) ;
#1429 = ORIENTED_EDGE ( 'NONE', *, *, #997, .T. ) ;
#1430 = CARTESIAN_POINT ( 'NONE',  ( 1.129999999999999900, 0.5000000000000000000, 4.580000000000000100 ) ) ;
#1431 = CARTESIAN_POINT ( 'NONE',  ( 0.6300000000000000000, -3.500000000000000000, -5.580000000000000100 ) ) ;
#1432 = CARTESIAN_POINT ( 'NONE',  ( -9.000000000000000000, 0.5000000000000000000, -6.049999999999999800 ) ) ;
#1433 = ORIENTED_EDGE ( 'NONE', *, *, #1215, .F. ) ;
#1434 = LINE ( 'NONE', #522, #417 ) ;
#1435 = DIRECTION ( 'NONE',  ( 0.0000000000000000000, 0.0000000000000000000, -1.000000000000000000 ) ) ;
#1436 = EDGE_CURVE ( 'NONE', #1034, #641, #839, .T. ) ;
#1437 = AXIS2_PLACEMENT_3D ( 'NONE', #1598, #1769, #783 ) ;
#1438 = DIRECTION ( 'NONE',  ( 1.067522139062649900E-015, 0.0000000000000000000, -1.000000000000000000 ) ) ;
#1439 = ORIENTED_EDGE ( 'NONE', *, *, #387, .T. ) ;
#1440 = CARTESIAN_POINT ( 'NONE',  ( -12.00000000000000000, 0.5000000000000000000, -6.049999999999999800 ) ) ;
#1441 = DIRECTION ( 'NONE',  ( -1.000000000000000000, 0.0000000000000000000, 1.734723475976805100E-015 ) ) ;
#1442 = CARTESIAN_POINT ( 'NONE',  ( 11.60000000000000000, 0.5000000000000000000, 6.049999999999999800 ) ) ;
#1443 = ADVANCED_FACE ( 'NONE', ( #1657 ), #1972, .F. ) ;
#1444 = CARTESIAN_POINT ( 'NONE',  ( 0.6300000000000000000, -3.500000000000000000, -5.580000000000000100 ) ) ;
#1445 = DIRECTION ( 'NONE',  ( -1.734723475976805100E-015, 0.0000000000000000000, -1.000000000000000000 ) ) ;
#1446 = EDGE_CURVE ( 'NONE', #490, #1872, #2049, .T. ) ;
#1447 = DIRECTION ( 'NONE',  ( 0.0000000000000000000, 1.000000000000000000, 0.0000000000000000000 ) ) ;
#1448 = ORIENTED_EDGE ( 'NONE', *, *, #1360, .F. ) ;
#1449 = DIRECTION ( 'NONE',  ( -1.000000000000000000, 0.0000000000000000000, 0.0000000000000000000 ) ) ;
#1450 = LINE ( 'NONE', #1954, #1018 ) ;
#1451 = DIRECTION ( 'NONE',  ( -1.000000000000000000, 0.0000000000000000000, -1.734723475976820100E-015 ) ) ;
#1452 = VECTOR ( 'NONE', #2027, 1000.000000000000000 ) ;
#1453 = EDGE_LOOP ( 'NONE', ( #1729, #1979, #106, #336 ) ) ;
#1454 = FACE_OUTER_BOUND ( 'NONE', #254, .T. ) ;
#1455 = ORIENTED_EDGE ( 'NONE', *, *, #1767, .F. ) ;
#1456 = VECTOR ( 'NONE', #981, 1000.000000000000000 ) ;
#1457 = CARTESIAN_POINT ( 'NONE',  ( 20.00000000000000000, 24.00000000000000000, 6.500000000000000000 ) ) ;
#1458 = EDGE_LOOP ( 'NONE', ( #714, #519, #1513, #1506 ) ) ;
#1459 = PLANE ( 'NONE',  #84 ) ;
#1460 = CARTESIAN_POINT ( 'NONE',  ( -11.50000000000000000, 0.0000000000000000000, 6.500000000000000000 ) ) ;
#1461 = CARTESIAN_POINT ( 'NONE',  ( 0.6300000000000000000, -3.500000000000000000, 5.580000000000000100 ) ) ;
#1462 = ORIENTED_EDGE ( 'NONE', *, *, #1313, .F. ) ;
#1463 = DIRECTION ( 'NONE',  ( 0.0000000000000000000, 1.000000000000000000, 0.0000000000000000000 ) ) ;
#1464 = CARTESIAN_POINT ( 'NONE',  ( 17.64000000000000100, -3.500000000000000000, 5.580000000000000100 ) ) ;
#1465 = DIRECTION ( 'NONE',  ( 1.000000000000000000, 0.0000000000000000000, 0.0000000000000000000 ) ) ;
#1466 = FACE_BOUND ( 'NONE', #365, .T. ) ;
#1467 = CARTESIAN_POINT ( 'NONE',  ( -17.91999999999999800, 0.5000000000000000000, -4.580000000000000100 ) ) ;
#1468 = CARTESIAN_POINT ( 'NONE',  ( 17.14000000000000100, 0.5000000000000000000, 5.580000000000000100 ) ) ;
#1469 = LINE ( 'NONE', #999, #1873 ) ;
#1470 = VERTEX_POINT ( 'NONE', #646 ) ;
#1471 = EDGE_CURVE ( 'NONE', #1161, #1965, #1162, .T. ) ;
#1472 = PLANE ( 'NONE',  #706 ) ;
#1473 = CARTESIAN_POINT ( 'NONE',  ( -4.450000000000000200, -3.500000000000000000, -4.580000000000000100 ) ) ;
#1474 = CARTESIAN_POINT ( 'NONE',  ( -12.00000000000000000, 0.5000000000000000000, -6.500000000000000000 ) ) ;
#1475 = MECHANICAL_DESIGN_GEOMETRIC_PRESENTATION_REPRESENTATION (  '', ( #1248 ), #1582 ) ;
#1476 = PLANE ( 'NONE',  #2039 ) ;
#1477 = AXIS2_PLACEMENT_3D ( 'NONE', #1844, #2007, #1007 ) ;
#1478 = ORIENTED_EDGE ( 'NONE', *, *, #62, .F. ) ;
#1479 = LINE ( 'NONE', #617, #760 ) ;
#1480 = DIRECTION ( 'NONE',  ( 0.0000000000000000000, 1.000000000000000000, 0.0000000000000000000 ) ) ;
#1481 = EDGE_CURVE ( 'NONE', #857, #194, #347, .T. ) ;
#1482 = CARTESIAN_POINT ( 'NONE',  ( 20.00000000000000000, 24.00000000000000000, -6.500000000000000000 ) ) ;
#1483 = PLANE ( 'NONE',  #1836 ) ;
#1484 = LINE ( 'NONE', #736, #557 ) ;
#1485 = CARTESIAN_POINT ( 'NONE',  ( -18.41999999999999800, -3.500000000000000000, 5.580000000000000100 ) ) ;
#1486 = CARTESIAN_POINT ( 'NONE',  ( -18.41999999999999800, 0.5000000000000000000, 4.580000000000000100 ) ) ;
#1487 = DIRECTION ( 'NONE',  ( 0.0000000000000000000, 1.000000000000000000, 0.0000000000000000000 ) ) ;
#1488 = DIRECTION ( 'NONE',  ( -1.000000000000000000, 0.0000000000000000000, -1.734723475976805100E-015 ) ) ;
#1489 = VECTOR ( 'NONE', #98, 1000.000000000000000 ) ;
#1490 = EDGE_CURVE ( 'NONE', #1322, #1849, #291, .T. ) ;
#1491 = EDGE_LOOP ( 'NONE', ( #586, #491, #2045, #362 ) ) ;
#1492 = EDGE_LOOP ( 'NONE', ( #382, #721, #38, #359 ) ) ;
#1493 = DIRECTION ( 'NONE',  ( 0.0000000000000000000, 0.0000000000000000000, 1.000000000000000000 ) ) ;
#1494 = ORIENTED_EDGE ( 'NONE', *, *, #1030, .F. ) ;
#1495 = ORIENTED_EDGE ( 'NONE', *, *, #378, .T. ) ;
#1496 = EDGE_LOOP ( 'NONE', ( #603, #1413, #2029, #1205 ) ) ;
#1497 = VECTOR ( 'NONE', #1813, 1000.000000000000000 ) ;
#1498 = CARTESIAN_POINT ( 'NONE',  ( 12.56000000000000000, 0.5000000000000000000, 4.580000000000000100 ) ) ;
#1499 = DIRECTION ( 'NONE',  ( 1.000000000000000000, 0.0000000000000000000, 0.0000000000000000000 ) ) ;
#1500 = CARTESIAN_POINT ( 'NONE',  ( -12.00000000000000000, 0.5000000000000000000, 6.500000000000000000 ) ) ;
#1501 = EDGE_CURVE ( 'NONE', #1622, #1849, #779, .T. ) ;
#1502 = DIRECTION ( 'NONE',  ( 0.0000000000000000000, -1.000000000000000000, 0.0000000000000000000 ) ) ;
#1503 = FACE_OUTER_BOUND ( 'NONE', #947, .T. ) ;
#1504 = PRESENTATION_LAYER_ASSIGNMENT (  '', '', ( #1385 ) ) ;
#1505 = VECTOR ( 'NONE', #705, 1000.000000000000000 ) ;
#1506 = ORIENTED_EDGE ( 'NONE', *, *, #1030, .T. ) ;
#1507 = VECTOR ( 'NONE', #912, 1000.000000000000000 ) ;
#1508 = EDGE_LOOP ( 'NONE', ( #416, #439, #518, #396 ) ) ;
#1509 = LINE ( 'NONE', #1800, #1966 ) ;
#1510 = ORIENTED_EDGE ( 'NONE', *, *, #730, .F. ) ;
#1511 = VERTEX_POINT ( 'NONE', #1639 ) ;
#1512 = AXIS2_PLACEMENT_3D ( 'NONE', #1094, #771, #283 ) ;
#1513 = ORIENTED_EDGE ( 'NONE', *, *, #126, .T. ) ;
#1514 = EDGE_CURVE ( 'NONE', #768, #1544, #1948, .T. ) ;
#1515 = DIRECTION ( 'NONE',  ( 1.000000000000000000, 0.0000000000000000000, 0.0000000000000000000 ) ) ;
#1516 = FACE_BOUND ( 'NONE', #114, .T. ) ;
#1517 = PLANE ( 'NONE',  #1594 ) ;
#1518 = UNCERTAINTY_MEASURE_WITH_UNIT (LENGTH_MEASURE( 1.000000000000000100E-005 ), #1542, 'distance_accuracy_value', 'NONE');
#1519 = LINE ( 'NONE', #992, #1920 ) ;
#1520 = EDGE_CURVE ( 'NONE', #198, #1731, #1106, .T. ) ;
#1521 = VERTEX_POINT ( 'NONE', #495 ) ;
#1522 = CARTESIAN_POINT ( 'NONE',  ( -9.500000000000000000, 0.0000000000000000000, 6.500000000000000000 ) ) ;
#1523 = CARTESIAN_POINT ( 'NONE',  ( 17.14000000000000100, -3.500000000000000000, 4.580000000000000100 ) ) ;
#1524 = ORIENTED_EDGE ( 'NONE', *, *, #440, .T. ) ;
#1525 = FACE_OUTER_BOUND ( 'NONE', #2116, .T. ) ;
#1526 =( NAMED_UNIT ( * ) PLANE_ANGLE_UNIT ( ) SI_UNIT ( $, .RADIAN. ) );
#1527 = VECTOR ( 'NONE', #2004, 1000.000000000000000 ) ;
#1528 = ORIENTED_EDGE ( 'NONE', *, *, #1397, .F. ) ;
#1529 = DIRECTION ( 'NONE',  ( 0.0000000000000000000, 0.0000000000000000000, 1.000000000000000000 ) ) ;
#1530 = VECTOR ( 'NONE', #1955, 1000.000000000000000 ) ;
#1531 = ORIENTED_EDGE ( 'NONE', *, *, #606, .F. ) ;
#1532 = CARTESIAN_POINT ( 'NONE',  ( -3.950000000000000200, -3.500000000000000000, 4.580000000000000100 ) ) ;
#1533 = CARTESIAN_POINT ( 'NONE',  ( 12.56000000000000000, -3.500000000000000000, -4.580000000000000100 ) ) ;
#1534 = EDGE_CURVE ( 'NONE', #1155, #876, #1056, .T. ) ;
#1535 = ORIENTED_EDGE ( 'NONE', *, *, #648, .F. ) ;
#1536 = ADVANCED_FACE ( 'NONE', ( #626 ), #1476, .F. ) ;
#1537 = ORIENTED_EDGE ( 'NONE', *, *, #244, .T. ) ;
#1538 = VECTOR ( 'NONE', #313, 1000.000000000000000 ) ;
#1539 = DIRECTION ( 'NONE',  ( 0.7071067811865450200, -0.7071067811865500200, 0.0000000000000000000 ) ) ;
#1540 = AXIS2_PLACEMENT_3D ( 'NONE', #1264, #1097, #1391 ) ;
#1541 = EDGE_LOOP ( 'NONE', ( #1219, #100, #1777, #955 ) ) ;
#1542 =( LENGTH_UNIT ( ) NAMED_UNIT ( * ) SI_UNIT ( .MILLI., .METRE. ) );
#1543 = VECTOR ( 'NONE', #169, 1000.000000000000000 ) ;
#1544 = VERTEX_POINT ( 'NONE', #1 ) ;
#1545 = AXIS2_PLACEMENT_3D ( 'NONE', #2113, #302, #1438 ) ;
#1546 = EDGE_LOOP ( 'NONE', ( #2091, #315, #775, #432 ) ) ;
#1547 = ADVANCED_FACE ( 'NONE', ( #199 ), #1991, .T. ) ;
#1548 = CARTESIAN_POINT ( 'NONE',  ( 17.14000000000000100, -3.500000000000000000, -4.580000000000000100 ) ) ;
#1549 = CARTESIAN_POINT ( 'NONE',  ( -17.91999999999999800, -3.500000000000000000, 5.580000000000000100 ) ) ;
#1550 = LINE ( 'NONE', #792, #247 ) ;
#1551 = PRODUCT ( 'ag1s022', 'ag1s022', '', ( #735 ) ) ;
#1552 = LINE ( 'NONE', #1876, #250 ) ;
#1553 = DIRECTION ( 'NONE',  ( 0.7071067811865489100, 0.7071067811865460200, 0.0000000000000000000 ) ) ;
#1554 = VECTOR ( 'NONE', #2042, 1000.000000000000000 ) ;
#1555 = ORIENTED_EDGE ( 'NONE', *, *, #1743, .T. ) ;
#1556 = FACE_OUTER_BOUND ( 'NONE', #176, .T. ) ;
#1557 = COLOUR_RGB ( '',0.7490196078431372600, 0.7490196078431372600, 0.7490196078431372600 ) ;
#1558 = ADVANCED_FACE ( 'NONE', ( #1012 ), #1312, .T. ) ;
#1559 = VERTEX_POINT ( 'NONE', #184 ) ;
#1560 = EDGE_CURVE ( 'NONE', #1642, #1584, #1897, .T. ) ;
#1561 = ORIENTED_EDGE ( 'NONE', *, *, #1635, .F. ) ;
#1562 = CARTESIAN_POINT ( 'NONE',  ( 12.56000000000000000, 0.5000000000000000000, -5.580000000000000100 ) ) ;
#1563 = CARTESIAN_POINT ( 'NONE',  ( 12.05999999999999900, -3.500000000000000000, 4.580000000000000100 ) ) ;
#1564 = ORIENTED_EDGE ( 'NONE', *, *, #1977, .T. ) ;
#1565 = DIRECTION ( 'NONE',  ( 0.0000000000000000000, 1.000000000000000000, 0.0000000000000000000 ) ) ;
#1566 = ORIENTED_EDGE ( 'NONE', *, *, #1109, .F. ) ;
#1567 = VECTOR ( 'NONE', #871, 1000.000000000000000 ) ;
#1568 = VECTOR ( 'NONE', #1810, 1000.000000000000000 ) ;
#1569 = CARTESIAN_POINT ( 'NONE',  ( -30.00000000000000000, 0.5000000000000000000, -6.500000000000000000 ) ) ;
#1570 = VERTEX_POINT ( 'NONE', #510 ) ;
#1571 = DIRECTION ( 'NONE',  ( 0.0000000000000000000, 0.0000000000000000000, 1.000000000000000000 ) ) ;
#1572 = DIRECTION ( 'NONE',  ( -1.734723475976820100E-015, 0.0000000000000000000, -1.000000000000000000 ) ) ;
#1573 = DIRECTION ( 'NONE',  ( 0.0000000000000000000, 0.0000000000000000000, -1.000000000000000000 ) ) ;
#1574 = EDGE_CURVE ( 'NONE', #506, #484, #575, .T. ) ;
#1575 = LINE ( 'NONE', #1241, #1638 ) ;
#1576 = CARTESIAN_POINT ( 'NONE',  ( -30.00000000000000000, 0.5000000000000000000, -6.500000000000000000 ) ) ;
#1577 = AXIS2_PLACEMENT_3D ( 'NONE', #149, #316, #1451 ) ;
#1578 = DIRECTION ( 'NONE',  ( 0.0000000000000000000, 1.000000000000000000, 0.0000000000000000000 ) ) ;
#1579 = LINE ( 'NONE', #1172, #1527 ) ;
#1580 = ORIENTED_EDGE ( 'NONE', *, *, #237, .F. ) ;
#1581 = FACE_OUTER_BOUND ( 'NONE', #2119, .T. ) ;
#1582 =( GEOMETRIC_REPRESENTATION_CONTEXT ( 3 ) GLOBAL_UNCERTAINTY_ASSIGNED_CONTEXT ( ( #95 ) ) GLOBAL_UNIT_ASSIGNED_CONTEXT ( ( #550, #1526, #219 ) ) REPRESENTATION_CONTEXT ( 'NONE', 'WORKASPACE' ) );
#1583 = VECTOR ( 'NONE', #87, 1000.000000000000000 ) ;
#1584 = VERTEX_POINT ( 'NONE', #1997 ) ;
#1585 = PLANE ( 'NONE',  #1292 ) ;
#1586 = EDGE_LOOP ( 'NONE', ( #1105, #317, #67, #826 ) ) ;
#1587 = CARTESIAN_POINT ( 'NONE',  ( -20.00000000000000000, 0.5000000000000000000, 6.500000000000000000 ) ) ;
#1588 = CARTESIAN_POINT ( 'NONE',  ( 8.599999999999999600, 0.5000000000000000000, 6.500000000000000000 ) ) ;
#1589 = EDGE_CURVE ( 'NONE', #641, #1196, #1381, .T. ) ;
#1590 = ORIENTED_EDGE ( 'NONE', *, *, #1754, .T. ) ;
#1591 = ORIENTED_EDGE ( 'NONE', *, *, #28, .F. ) ;
#1592 = FACE_OUTER_BOUND ( 'NONE', #1491, .T. ) ;
#1593 = EDGE_CURVE ( 'NONE', #1375, #70, #526, .T. ) ;
#1594 = AXIS2_PLACEMENT_3D ( 'NONE', #691, #1188, #2032 ) ;
#1595 = DIRECTION ( 'NONE',  ( 0.0000000000000000000, 1.000000000000000000, 0.0000000000000000000 ) ) ;
#1596 = EDGE_LOOP ( 'NONE', ( #1320, #1050, #1344, #650 ) ) ;
#1597 = VECTOR ( 'NONE', #1633, 1000.000000000000100 ) ;
#1598 = CARTESIAN_POINT ( 'NONE',  ( 0.6300000000000000000, -3.500000000000000000, -4.580000000000000100 ) ) ;
#1599 = DIRECTION ( 'NONE',  ( -1.000000000000000000, 0.0000000000000000000, -1.734723475976805100E-015 ) ) ;
#1600 = ADVANCED_FACE ( 'NONE', ( #907 ), #678, .F. ) ;
#1601 = ORIENTED_EDGE ( 'NONE', *, *, #606, .T. ) ;
#1602 = DIRECTION ( 'NONE',  ( 0.0000000000000000000, 1.000000000000000000, 0.0000000000000000000 ) ) ;
#1603 = DIRECTION ( 'NONE',  ( 1.000000000000000000, 0.0000000000000000000, 0.0000000000000000000 ) ) ;
#1604 = DIRECTION ( 'NONE',  ( 0.0000000000000000000, 0.0000000000000000000, -1.000000000000000000 ) ) ;
#1605 = DIRECTION ( 'NONE',  ( 0.0000000000000000000, 0.0000000000000000000, 1.000000000000000000 ) ) ;
#1606 = LINE ( 'NONE', #761, #1171 ) ;
#1607 = ADVANCED_FACE ( 'NONE', ( #1332 ), #197, .T. ) ;
#1608 = CARTESIAN_POINT ( 'NONE',  ( 0.6300000000000000000, -3.500000000000000000, 4.580000000000000100 ) ) ;
#1609 = EDGE_CURVE ( 'NONE', #1247, #1882, #35, .T. ) ;
#1610 = CARTESIAN_POINT ( 'NONE',  ( 0.6300000000000000000, 0.5000000000000000000, 4.580000000000000100 ) ) ;
#1611 = LINE ( 'NONE', #1442, #308 ) ;
#1612 = DIRECTION ( 'NONE',  ( 0.0000000000000000000, 1.000000000000000000, 0.0000000000000000000 ) ) ;
#1613 = CARTESIAN_POINT ( 'NONE',  ( 0.0000000000000000000, -3.500000000000000000, 0.0000000000000000000 ) ) ;
#1614 = ORIENTED_EDGE ( 'NONE', *, *, #440, .F. ) ;
#1615 = ORIENTED_EDGE ( 'NONE', *, *, #1242, .F. ) ;
#1616 = VECTOR ( 'NONE', #341, 1000.000000000000000 ) ;
#1617 = VERTEX_POINT ( 'NONE', #856 ) ;
#1618 = AXIS2_PLACEMENT_3D ( 'NONE', #861, #40, #2020 ) ;
#1619 = MECHANICAL_DESIGN_GEOMETRIC_PRESENTATION_REPRESENTATION (  '', ( #1385 ), #1734 ) ;
#1620 = PLANE ( 'NONE',  #1974 ) ;
#1621 = ORIENTED_EDGE ( 'NONE', *, *, #1697, .F. ) ;
#1622 = VERTEX_POINT ( 'NONE', #1500 ) ;
#1623 = CARTESIAN_POINT ( 'NONE',  ( 17.64000000000000100, 0.5000000000000000000, -4.580000000000000100 ) ) ;
#1624 = CARTESIAN_POINT ( 'NONE',  ( -3.950000000000000200, -3.500000000000000000, -5.580000000000000100 ) ) ;
#1625 = ORIENTED_EDGE ( 'NONE', *, *, #1906, .T. ) ;
#1626 = FACE_OUTER_BOUND ( 'NONE', #445, .T. ) ;
#1627 = CARTESIAN_POINT ( 'NONE',  ( 17.64000000000000100, -3.500000000000000000, -5.580000000000000100 ) ) ;
#1628 = VECTOR ( 'NONE', #473, 1000.000000000000000 ) ;
#1629 = DIRECTION ( 'NONE',  ( 1.734723475976805100E-015, 0.0000000000000000000, -1.000000000000000000 ) ) ;
#1630 = ORIENTED_EDGE ( 'NONE', *, *, #1941, .F. ) ;
#1631 = DIRECTION ( 'NONE',  ( -1.000000000000000000, 0.0000000000000000000, -4.336808689942020200E-016 ) ) ;
#1632 = EDGE_CURVE ( 'NONE', #30, #469, #472, .T. ) ;
#1633 = DIRECTION ( 'NONE',  ( 0.7071067811865474600, -0.7071067811865474600, 0.0000000000000000000 ) ) ;
#1634 = CARTESIAN_POINT ( 'NONE',  ( 12.56000000000000000, -3.500000000000000000, 5.580000000000000100 ) ) ;
#1635 = EDGE_CURVE ( 'NONE', #1570, #1122, #1434, .T. ) ;
#1636 = CARTESIAN_POINT ( 'NONE',  ( 0.6300000000000000000, 0.5000000000000000000, 5.580000000000000100 ) ) ;
#1637 = CARTESIAN_POINT ( 'NONE',  ( -4.450000000000000200, -3.500000000000000000, -5.580000000000000100 ) ) ;
#1638 = VECTOR ( 'NONE', #271, 1000.000000000000000 ) ;
#1639 = CARTESIAN_POINT ( 'NONE',  ( 1.129999999999999900, -3.500000000000000000, 5.580000000000000100 ) ) ;
#1640 = FACE_OUTER_BOUND ( 'NONE', #1586, .T. ) ;
#1641 = VECTOR ( 'NONE', #1647, 1000.000000000000000 ) ;
#1642 = VERTEX_POINT ( 'NONE', #1014 ) ;
#1643 = LINE ( 'NONE', #196, #2037 ) ;
#1644 = CARTESIAN_POINT ( 'NONE',  ( -18.41999999999999800, 0.5000000000000000000, -4.580000000000000100 ) ) ;
#1645 = VECTOR ( 'NONE', #2058, 1000.000000000000000 ) ;
#1646 = ORIENTED_EDGE ( 'NONE', *, *, #1150, .F. ) ;
#1647 = DIRECTION ( 'NONE',  ( -1.000000000000000000, 0.0000000000000000000, -1.734723475976820100E-015 ) ) ;
#1648 = DIRECTION ( 'NONE',  ( 1.000000000000000000, 0.0000000000000000000, 0.0000000000000000000 ) ) ;
#1649 = VERTEX_POINT ( 'NONE', #1330 ) ;
#1650 = ORIENTED_EDGE ( 'NONE', *, *, #1793, .T. ) ;
#1651 = PLANE ( 'NONE',  #524 ) ;
#1652 = DIRECTION ( 'NONE',  ( -0.7071067811865500200, -0.7071067811865450200, 0.0000000000000000000 ) ) ;
#1653 = CARTESIAN_POINT ( 'NONE',  ( -3.950000000000000200, -3.500000000000000000, -4.580000000000000100 ) ) ;
#1654 = VECTOR ( 'NONE', #1768, 1000.000000000000000 ) ;
#1655 = CARTESIAN_POINT ( 'NONE',  ( 12.05999999999999900, -3.500000000000000000, 4.580000000000000100 ) ) ;
#1656 = EDGE_LOOP ( 'NONE', ( #2102, #858, #658, #1805 ) ) ;
#1657 = FACE_OUTER_BOUND ( 'NONE', #560, .T. ) ;
#1658 = ORIENTED_EDGE ( 'NONE', *, *, #704, .T. ) ;
#1659 = EDGE_CURVE ( 'NONE', #725, #1086, #2129, .T. ) ;
#1660 = DIRECTION ( 'NONE',  ( 1.734723475976805100E-015, 0.0000000000000000000, -1.000000000000000000 ) ) ;
#1661 = CARTESIAN_POINT ( 'NONE',  ( -9.000000000000000000, 0.5000000000000000000, -6.500000000000000000 ) ) ;
#1662 = DIRECTION ( 'NONE',  ( -0.7071067811865489100, -0.7071067811865460200, 0.0000000000000000000 ) ) ;
#1663 = VERTEX_POINT ( 'NONE', #1666 ) ;
#1664 = DIRECTION ( 'NONE',  ( -3.469446951953615000E-015, 0.0000000000000000000, -1.000000000000000000 ) ) ;
#1665 = VECTOR ( 'NONE', #1953, 1000.000000000000000 ) ;
#1666 = CARTESIAN_POINT ( 'NONE',  ( 12.05999999999999900, 0.5000000000000000000, 4.580000000000000100 ) ) ;
#1667 = VECTOR ( 'NONE', #1082, 1000.000000000000000 ) ;
#1668 = ORIENTED_EDGE ( 'NONE', *, *, #833, .F. ) ;
#1669 = ORIENTED_EDGE ( 'NONE', *, *, #1009, .T. ) ;
#1670 = AXIS2_PLACEMENT_3D ( 'NONE', #296, #1603, #627 ) ;
#1671 = CARTESIAN_POINT ( 'NONE',  ( -20.00000000000000000, 24.00000000000000000, 6.500000000000000000 ) ) ;
#1672 = DIRECTION ( 'NONE',  ( 1.000000000000000000, 0.0000000000000000000, 0.0000000000000000000 ) ) ;
#1673 = ORIENTED_EDGE ( 'NONE', *, *, #980, .T. ) ;
#1674 = CARTESIAN_POINT ( 'NONE',  ( 12.56000000000000000, -3.500000000000000000, -5.580000000000000100 ) ) ;
#1675 = VERTEX_POINT ( 'NONE', #363 ) ;
#1676 = EDGE_CURVE ( 'NONE', #1812, #835, #1678, .T. ) ;
#1677 = VERTEX_POINT ( 'NONE', #1016 ) ;
#1678 = LINE ( 'NONE', #1674, #369 ) ;
#1679 = LINE ( 'NONE', #1457, #1628 ) ;
#1680 = CARTESIAN_POINT ( 'NONE',  ( -4.450000000000000200, -3.500000000000000000, 5.580000000000000100 ) ) ;
#1681 = ORIENTED_EDGE ( 'NONE', *, *, #1254, .T. ) ;
#1682 = CARTESIAN_POINT ( 'NONE',  ( -18.41999999999999800, 0.5000000000000000000, 5.580000000000000100 ) ) ;
#1683 = CARTESIAN_POINT ( 'NONE',  ( -18.41999999999999800, -3.500000000000000000, 4.580000000000000100 ) ) ;
#1684 = DIRECTION ( 'NONE',  ( -1.000000000000000000, 0.0000000000000000000, -1.734723475976805100E-015 ) ) ;
#1685 = EDGE_LOOP ( 'NONE', ( #1791, #1668, #1025, #258 ) ) ;
#1686 = DIRECTION ( 'NONE',  ( -1.000000000000000000, 0.0000000000000000000, 0.0000000000000000000 ) ) ;
#1687 = LINE ( 'NONE', #1230, #1238 ) ;
#1688 = PLANE ( 'NONE',  #1618 ) ;
#1689 = VECTOR ( 'NONE', #845, 1000.000000000000000 ) ;
#1690 = VECTOR ( 'NONE', #1684, 1000.000000000000000 ) ;
#1691 = ORIENTED_EDGE ( 'NONE', *, *, #1228, .T. ) ;
#1692 = LINE ( 'NONE', #16, #383 ) ;
#1693 = LINE ( 'NONE', #1217, #1645 ) ;
#1694 = ORIENTED_EDGE ( 'NONE', *, *, #1514, .F. ) ;
#1695 = ORIENTED_EDGE ( 'NONE', *, *, #1534, .F. ) ;
#1696 = PLANE ( 'NONE',  #448 ) ;
#1697 = EDGE_CURVE ( 'NONE', #857, #1073, #1733, .T. ) ;
#1698 = ORIENTED_EDGE ( 'NONE', *, *, #269, .T. ) ;
#1699 = DIRECTION ( 'NONE',  ( 0.0000000000000000000, 1.000000000000000000, 0.0000000000000000000 ) ) ;
#1700 = ORIENTED_EDGE ( 'NONE', *, *, #1999, .T. ) ;
#1701 = VERTEX_POINT ( 'NONE', #531 ) ;
#1702 = ORIENTED_EDGE ( 'NONE', *, *, #821, .T. ) ;
#1703 = AXIS2_PLACEMENT_3D ( 'NONE', #23, #847, #355 ) ;
#1704 = LINE ( 'NONE', #123, #1203 ) ;
#1705 = VERTEX_POINT ( 'NONE', #1181 ) ;
#1706 = FACE_OUTER_BOUND ( 'NONE', #596, .T. ) ;
#1707 = EDGE_CURVE ( 'NONE', #966, #1123, #2078, .T. ) ;
#1708 = EDGE_LOOP ( 'NONE', ( #1524, #679, #1564, #66 ) ) ;
#1709 = ADVANCED_FACE ( 'NONE', ( #1626 ), #696, .T. ) ;
#1710 = DIRECTION ( 'NONE',  ( 1.000000000000000000, 0.0000000000000000000, 0.0000000000000000000 ) ) ;
#1711 = DIRECTION ( 'NONE',  ( -1.000000000000000000, 0.0000000000000000000, 0.0000000000000000000 ) ) ;
#1712 = EDGE_CURVE ( 'NONE', #1247, #1470, #2026, .T. ) ;
#1713 = CARTESIAN_POINT ( 'NONE',  ( -4.450000000000000200, -3.500000000000000000, -4.580000000000000100 ) ) ;
#1714 = PLANE ( 'NONE',  #1173 ) ;
#1715 =( NAMED_UNIT ( * ) SI_UNIT ( $, .STERADIAN. ) SOLID_ANGLE_UNIT ( ) );
#1716 = VECTOR ( 'NONE', #1352, 1000.000000000000000 ) ;
#1717 = ADVANCED_FACE ( 'NONE', ( #1131 ), #1342, .F. ) ;
#1718 = DIRECTION ( 'NONE',  ( 0.0000000000000000000, 0.0000000000000000000, -1.000000000000000000 ) ) ;
#1719 = LINE ( 'NONE', #946, #1667 ) ;
#1720 = ORIENTED_EDGE ( 'NONE', *, *, #922, .F. ) ;
#1721 = ORIENTED_EDGE ( 'NONE', *, *, #1036, .T. ) ;
#1722 = EDGE_LOOP ( 'NONE', ( #1076, #150, #1374, #621 ) ) ;
#1723 = ORIENTED_EDGE ( 'NONE', *, *, #337, .F. ) ;
#1724 = CARTESIAN_POINT ( 'NONE',  ( -20.00000000000000000, 24.00000000000000000, -6.500000000000000000 ) ) ;
#1725 = DIRECTION ( 'NONE',  ( 1.000000000000000000, 0.0000000000000000000, 0.0000000000000000000 ) ) ;
#1726 = DIRECTION ( 'NONE',  ( 0.0000000000000000000, 1.000000000000000000, 0.0000000000000000000 ) ) ;
#1727 = EDGE_CURVE ( 'NONE', #60, #834, #812, .T. ) ;
#1728 = ORIENTED_EDGE ( 'NONE', *, *, #717, .F. ) ;
#1729 = ORIENTED_EDGE ( 'NONE', *, *, #2059, .F. ) ;
#1730 = ADVANCED_FACE ( 'NONE', ( #322 ), #56, .F. ) ;
#1731 = VERTEX_POINT ( 'NONE', #540 ) ;
#1732 = DIRECTION ( 'NONE',  ( 0.0000000000000000000, 0.0000000000000000000, 1.000000000000000000 ) ) ;
#1733 = LINE ( 'NONE', #2019, #1232 ) ;
#1734 =( GEOMETRIC_REPRESENTATION_CONTEXT ( 3 ) GLOBAL_UNCERTAINTY_ASSIGNED_CONTEXT ( ( #759 ) ) GLOBAL_UNIT_ASSIGNED_CONTEXT ( ( #243, #1377, #406 ) ) REPRESENTATION_CONTEXT ( 'NONE', 'WORKASPACE' ) );
#1735 = FACE_OUTER_BOUND ( 'NONE', #1963, .T. ) ;
#1736 = ORIENTED_EDGE ( 'NONE', *, *, #753, .T. ) ;
#1737 = CARTESIAN_POINT ( 'NONE',  ( 0.0000000000000000000, -3.500000000000000000, 0.0000000000000000000 ) ) ;
#1738 = ADVANCED_FACE ( 'NONE', ( #699, #1975, #1516, #1084, #264, #653, #214, #1919, #1466, #1031, #598 ), #1696, .T. ) ;
#1739 = AXIS2_PLACEMENT_3D ( 'NONE', #465, #2121, #1113 ) ;
#1740 = DIRECTION ( 'NONE',  ( 0.0000000000000000000, 1.000000000000000000, 0.0000000000000000000 ) ) ;
#1741 = ORIENTED_EDGE ( 'NONE', *, *, #1095, .F. ) ;
#1742 = VECTOR ( 'NONE', #328, 1000.000000000000000 ) ;
#1743 = EDGE_CURVE ( 'NONE', #778, #70, #1407, .T. ) ;
#1744 = CARTESIAN_POINT ( 'NONE',  ( 12.05999999999999900, -3.500000000000000000, -4.580000000000000100 ) ) ;
#1745 = LINE ( 'NONE', #668, #1689 ) ;
#1746 = ORIENTED_EDGE ( 'NONE', *, *, #1114, .F. ) ;
#1747 = PLANE ( 'NONE',  #639 ) ;
#1748 = EDGE_LOOP ( 'NONE', ( #924, #1311, #1760, #88 ) ) ;
#1749 = FACE_OUTER_BOUND ( 'NONE', #460, .T. ) ;
#1750 = PLANE ( 'NONE',  #671 ) ;
#1751 = VECTOR ( 'NONE', #1790, 1000.000000000000000 ) ;
#1752 = ORIENTED_EDGE ( 'NONE', *, *, #684, .T. ) ;
#1753 = DIRECTION ( 'NONE',  ( -1.000000000000000000, 0.0000000000000000000, 1.734723475976820100E-015 ) ) ;
#1754 = EDGE_CURVE ( 'NONE', #622, #129, #1871, .T. ) ;
#1755 = DIRECTION ( 'NONE',  ( 1.000000000000000000, 0.0000000000000000000, 0.0000000000000000000 ) ) ;
#1756 = ORIENTED_EDGE ( 'NONE', *, *, #1574, .F. ) ;
#1757 = DIRECTION ( 'NONE',  ( 0.7071067811865470200, 0.7071067811865480200, 0.0000000000000000000 ) ) ;
#1758 = PLANE ( 'NONE',  #82 ) ;
#1759 = LINE ( 'NONE', #774, #1255 ) ;
#1760 = ORIENTED_EDGE ( 'NONE', *, *, #595, .F. ) ;
#1761 = VECTOR ( 'NONE', #814, 1000.000000000000000 ) ;
#1762 = ORIENTED_EDGE ( 'NONE', *, *, #1676, .T. ) ;
#1763 = DIRECTION ( 'NONE',  ( 0.0000000000000000000, 1.000000000000000000, 0.0000000000000000000 ) ) ;
#1764 = DIRECTION ( 'NONE',  ( 0.0000000000000000000, 1.000000000000000000, 0.0000000000000000000 ) ) ;
#1765 = ADVANCED_FACE ( 'NONE', ( #1816 ), #1750, .T. ) ;
#1766 = DIRECTION ( 'NONE',  ( -1.000000000000000000, 0.0000000000000000000, -1.734723475976805100E-015 ) ) ;
#1767 = EDGE_CURVE ( 'NONE', #1427, #2018, #927, .T. ) ;
#1768 = DIRECTION ( 'NONE',  ( 0.0000000000000000000, 0.0000000000000000000, -1.000000000000000000 ) ) ;
#1769 = DIRECTION ( 'NONE',  ( 0.0000000000000000000, 0.0000000000000000000, -1.000000000000000000 ) ) ;
#1770 = VECTOR ( 'NONE', #1368, 1000.000000000000000 ) ;
#1771 = DIRECTION ( 'NONE',  ( 0.0000000000000000000, 0.0000000000000000000, -1.000000000000000000 ) ) ;
#1772 = AXIS2_PLACEMENT_3D ( 'NONE', #597, #1572, #1753 ) ;
#1773 = LINE ( 'NONE', #1403, #188 ) ;
#1774 = ORIENTED_EDGE ( 'NONE', *, *, #387, .F. ) ;
#1775 = AXIS2_PLACEMENT_3D ( 'NONE', #2124, #1115, #148 ) ;
#1776 = CARTESIAN_POINT ( 'NONE',  ( 17.64000000000000100, -3.500000000000000000, 4.580000000000000100 ) ) ;
#1777 = ORIENTED_EDGE ( 'NONE', *, *, #2022, .T. ) ;
#1778 = ORIENTED_EDGE ( 'NONE', *, *, #1350, .T. ) ;
#1779 = CARTESIAN_POINT ( 'NONE',  ( -4.450000000000000200, -3.500000000000000000, 4.580000000000000100 ) ) ;
#1780 = CARTESIAN_POINT ( 'NONE',  ( 12.05999999999999900, -3.500000000000000000, -5.580000000000000100 ) ) ;
#1781 = ADVANCED_FACE ( 'NONE', ( #500 ), #272, .T. ) ;
#1782 = ORIENTED_EDGE ( 'NONE', *, *, #424, .T. ) ;
#1783 = DIRECTION ( 'NONE',  ( 0.0000000000000000000, 0.0000000000000000000, 1.000000000000000000 ) ) ;
#1784 = ORIENTED_EDGE ( 'NONE', *, *, #1015, .T. ) ;
#1785 = DIRECTION ( 'NONE',  ( -1.000000000000000000, 0.0000000000000000000, 0.0000000000000000000 ) ) ;
#1786 = CARTESIAN_POINT ( 'NONE',  ( -9.500000000000000000, 0.0000000000000000000, 6.049999999999999800 ) ) ;
#1787 = ORIENTED_EDGE ( 'NONE', *, *, #2084, .T. ) ;
#1788 = VECTOR ( 'NONE', #1848, 1000.000000000000000 ) ;
#1789 = CARTESIAN_POINT ( 'NONE',  ( -4.450000000000000200, 0.5000000000000000000, -5.580000000000000100 ) ) ;
#1790 = DIRECTION ( 'NONE',  ( 1.000000000000000000, 0.0000000000000000000, 0.0000000000000000000 ) ) ;
#1791 = ORIENTED_EDGE ( 'NONE', *, *, #2022, .F. ) ;
#1792 = DIRECTION ( 'NONE',  ( 1.000000000000000000, 0.0000000000000000000, 0.0000000000000000000 ) ) ;
#1793 = EDGE_CURVE ( 'NONE', #1226, #285, #987, .T. ) ;
#1794 = PLANE ( 'NONE',  #2008 ) ;
#1795 = CARTESIAN_POINT ( 'NONE',  ( -11.50000000000000000, 0.0000000000000000000, -6.049999999999999800 ) ) ;
#1796 = ORIENTED_EDGE ( 'NONE', *, *, #375, .F. ) ;
#1797 = VECTOR ( 'NONE', #323, 1000.000000000000100 ) ;
#1798 = PLANE ( 'NONE',  #1216 ) ;
#1799 = CARTESIAN_POINT ( 'NONE',  ( -9.500000000000000000, 0.0000000000000000000, -6.049999999999999800 ) ) ;
#1800 = CARTESIAN_POINT ( 'NONE',  ( -30.00000000000000000, 0.5000000000000000000, 6.500000000000000000 ) ) ;
#1801 = LINE ( 'NONE', #657, #914 ) ;
#1802 = ORIENTED_EDGE ( 'NONE', *, *, #1937, .T. ) ;
#1803 = VECTOR ( 'NONE', #2112, 1000.000000000000000 ) ;
#1804 = CARTESIAN_POINT ( 'NONE',  ( 12.05999999999999900, -3.500000000000000000, -5.580000000000000100 ) ) ;
#1805 = ORIENTED_EDGE ( 'NONE', *, *, #1999, .F. ) ;
#1806 = LINE ( 'NONE', #660, #487 ) ;
#1807 = DIRECTION ( 'NONE',  ( 0.0000000000000000000, 1.000000000000000000, 0.0000000000000000000 ) ) ;
#1808 = LINE ( 'NONE', #2064, #538 ) ;
#1809 = ORIENTED_EDGE ( 'NONE', *, *, #1360, .T. ) ;
#1810 = DIRECTION ( 'NONE',  ( 0.0000000000000000000, 0.0000000000000000000, -1.000000000000000000 ) ) ;
#1811 = DIRECTION ( 'NONE',  ( 0.0000000000000000000, 0.0000000000000000000, 1.000000000000000000 ) ) ;
#1812 = VERTEX_POINT ( 'NONE', #119 ) ;
#1813 = DIRECTION ( 'NONE',  ( 1.000000000000000000, 0.0000000000000000000, 0.0000000000000000000 ) ) ;
#1814 = ORIENTED_EDGE ( 'NONE', *, *, #2105, .F. ) ;
#1815 = EDGE_CURVE ( 'NONE', #740, #158, #880, .T. ) ;
#1816 = FACE_OUTER_BOUND ( 'NONE', #461, .T. ) ;
#1817 = DIRECTION ( 'NONE',  ( 0.0000000000000000000, 0.0000000000000000000, 1.000000000000000000 ) ) ;
#1818 = ORIENTED_EDGE ( 'NONE', *, *, #2067, .T. ) ;
#1819 = VECTOR ( 'NONE', #843, 1000.000000000000000 ) ;
#1820 = AXIS2_PLACEMENT_3D ( 'NONE', #1795, #2136, #1129 ) ;
#1821 = DIRECTION ( 'NONE',  ( -1.000000000000000000, 0.0000000000000000000, 1.734723475976805100E-015 ) ) ;
#1822 = EDGE_LOOP ( 'NONE', ( #1843, #26, #1922, #1425 ) ) ;
#1823 = EDGE_LOOP ( 'NONE', ( #782, #1646, #915, #1839 ) ) ;
#1824 = CARTESIAN_POINT ( 'NONE',  ( 11.10000000000000000, 6.123233995736810400E-017, 6.049999999999999800 ) ) ;
#1825 = ORIENTED_EDGE ( 'NONE', *, *, #1712, .F. ) ;
#1826 = ORIENTED_EDGE ( 'NONE', *, *, #1767, .T. ) ;
#1827 = EDGE_LOOP ( 'NONE', ( #975, #1535, #693, #1200 ) ) ;
#1828 = CARTESIAN_POINT ( 'NONE',  ( 1.129999999999999900, 0.5000000000000000000, -5.580000000000000100 ) ) ;
#1829 = EDGE_CURVE ( 'NONE', #1252, #1166, #61, .T. ) ;
#1830 = DIRECTION ( 'NONE',  ( 1.000000000000000000, 0.0000000000000000000, 0.0000000000000000000 ) ) ;
#1831 = DIRECTION ( 'NONE',  ( 0.0000000000000000000, 0.0000000000000000000, 1.000000000000000000 ) ) ;
#1832 = LINE ( 'NONE', #140, #200 ) ;
#1833 = CARTESIAN_POINT ( 'NONE',  ( 17.14000000000000100, -3.500000000000000000, -4.580000000000000100 ) ) ;
#1834 = LINE ( 'NONE', #1532, #1268 ) ;
#1835 = EDGE_CURVE ( 'NONE', #1259, #103, #1759, .T. ) ;
#1836 = AXIS2_PLACEMENT_3D ( 'NONE', #2139, #1499, #1310 ) ;
#1837 = DIRECTION ( 'NONE',  ( 0.0000000000000000000, 0.0000000000000000000, -1.000000000000000000 ) ) ;
#1838 = LINE ( 'NONE', #1936, #1370 ) ;
#1839 = ORIENTED_EDGE ( 'NONE', *, *, #648, .T. ) ;
#1840 = CARTESIAN_POINT ( 'NONE',  ( 12.56000000000000000, -3.500000000000000000, -5.580000000000000100 ) ) ;
#1841 = PLANE ( 'NONE',  #2052 ) ;
#1842 = ORIENTED_EDGE ( 'NONE', *, *, #1202, .F. ) ;
#1843 = ORIENTED_EDGE ( 'NONE', *, *, #348, .F. ) ;
#1844 = CARTESIAN_POINT ( 'NONE',  ( 0.6300000000000000000, -3.500000000000000000, -5.580000000000000100 ) ) ;
#1845 = ORIENTED_EDGE ( 'NONE', *, *, #99, .F. ) ;
#1846 = ORIENTED_EDGE ( 'NONE', *, *, #1168, .T. ) ;
#1847 = PLANE ( 'NONE',  #964 ) ;
#1848 = DIRECTION ( 'NONE',  ( 0.0000000000000000000, 1.000000000000000000, 0.0000000000000000000 ) ) ;
#1849 = VERTEX_POINT ( 'NONE', #1587 ) ;
#1850 = VECTOR ( 'NONE', #842, 1000.000000000000000 ) ;
#1851 = EDGE_CURVE ( 'NONE', #1857, #877, #392, .T. ) ;
#1852 = ORIENTED_EDGE ( 'NONE', *, *, #19, .T. ) ;
#1853 = CARTESIAN_POINT ( 'NONE',  ( -12.00000000000000000, 0.5000000000000000000, -6.049999999999999800 ) ) ;
#1854 = CARTESIAN_POINT ( 'NONE',  ( 12.56000000000000000, 0.5000000000000000000, 5.580000000000000100 ) ) ;
#1855 = LINE ( 'NONE', #643, #1797 ) ;
#1856 = VECTOR ( 'NONE', #1699, 1000.000000000000000 ) ;
#1857 = VERTEX_POINT ( 'NONE', #1934 ) ;
#1858 = DIRECTION ( 'NONE',  ( 0.0000000000000000000, 0.0000000000000000000, -1.000000000000000000 ) ) ;
#1859 = LINE ( 'NONE', #888, #974 ) ;
#1860 = ORIENTED_EDGE ( 'NONE', *, *, #1378, .T. ) ;
#1861 = VECTOR ( 'NONE', #1465, 1000.000000000000000 ) ;
#1862 = CARTESIAN_POINT ( 'NONE',  ( -4.450000000000000200, 0.5000000000000000000, -4.580000000000000100 ) ) ;
#1863 = FACE_OUTER_BOUND ( 'NONE', #1099, .T. ) ;
#1864 = EDGE_LOOP ( 'NONE', ( #1723, #570, #1020, #1152 ) ) ;
#1865 = VERTEX_POINT ( 'NONE', #611 ) ;
#1866 = EDGE_CURVE ( 'NONE', #835, #278, #1704, .T. ) ;
#1867 = DIRECTION ( 'NONE',  ( 0.7071067811865450200, -0.7071067811865500200, 0.0000000000000000000 ) ) ;
#1868 = ORIENTED_EDGE ( 'NONE', *, *, #1397, .T. ) ;
#1869 = ORIENTED_EDGE ( 'NONE', *, *, #99, .T. ) ;
#1870 = EDGE_CURVE ( 'NONE', #536, #920, #7, .T. ) ;
#1871 = LINE ( 'NONE', #1522, #113 ) ;
#1872 = VERTEX_POINT ( 'NONE', #781 ) ;
#1873 = VECTOR ( 'NONE', #345, 1000.000000000000100 ) ;
#1874 = DIRECTION ( 'NONE',  ( 1.000000000000000000, 8.673617379884040100E-018, 0.0000000000000000000 ) ) ;
#1875 = ORIENTED_EDGE ( 'NONE', *, *, #178, .F. ) ;
#1876 = CARTESIAN_POINT ( 'NONE',  ( -12.00000000000000000, 0.5000000000000000000, 6.049999999999999800 ) ) ;
#1877 = ORIENTED_EDGE ( 'NONE', *, *, #1057, .F. ) ;
#1878 = FILL_AREA_STYLE ('',( #700 ) ) ;
#1879 = ADVANCED_FACE ( 'NONE', ( #344 ), #943, .F. ) ;
#1880 = LINE ( 'NONE', #131, #122 ) ;
#1881 = FACE_OUTER_BOUND ( 'NONE', #1272, .T. ) ;
#1882 = VERTEX_POINT ( 'NONE', #1942 ) ;
#1883 = SURFACE_STYLE_FILL_AREA ( #1055 ) ;
#1884 = CARTESIAN_POINT ( 'NONE',  ( 17.14000000000000100, -3.500000000000000000, -4.580000000000000100 ) ) ;
#1885 = VECTOR ( 'NONE', #282, 1000.000000000000000 ) ;
#1886 = CARTESIAN_POINT ( 'NONE',  ( 11.10000000000000000, 6.123233995736810400E-017, -6.500000000000000000 ) ) ;
#1887 = ORIENTED_EDGE ( 'NONE', *, *, #1042, .T. ) ;
#1888 = EDGE_CURVE ( 'NONE', #260, #166, #836, .T. ) ;
#1889 = EDGE_LOOP ( 'NONE', ( #1182, #1359, #1243, #2043 ) ) ;
#1890 = ORIENTED_EDGE ( 'NONE', *, *, #997, .F. ) ;
#1891 = ADVANCED_FACE ( 'NONE', ( #777 ), #791, .F. ) ;
#1892 = CARTESIAN_POINT ( 'NONE',  ( 12.05999999999999900, 0.5000000000000000000, -4.580000000000000100 ) ) ;
#1893 = VERTEX_POINT ( 'NONE', #456 ) ;
#1894 = PLANE ( 'NONE',  #226 ) ;
#1895 = APPLICATION_PROTOCOL_DEFINITION ( 'draft international standard', 'automotive_design', 1998, #2056 ) ;
#1896 = ORIENTED_EDGE ( 'NONE', *, *, #364, .F. ) ;
#1897 = LINE ( 'NONE', #342, #1850 ) ;
#1898 = CLOSED_SHELL ( 'NONE', ( #1738, #1901, #562, #941, #300, #462, #249, #261, #623, #577, #1443, #2051, #86, #1607, #583, #1765, #1781, #745, #231, #401, #1730, #1879, #1077, #2075, #1098, #1108, #96, #1709, #1949, #1198, #1211, #2109, #2061, #1367, #1547, #1386, #72, #447, #1558, #1258, #1269, #1062, #635, #1426, #799, #723, #130, #898, #1536, #1717, #908, #1043, #615, #411, #422, #785, #1379, #144, #1600, #958, #885, #1938, #1052, #393, #1891, #1220, #2120, #1912, #732, #1233, #288, #241 ) ) ;
#1899 = CARTESIAN_POINT ( 'NONE',  ( 12.56000000000000000, -3.500000000000000000, 4.580000000000000100 ) ) ;
#1900 = APPLICATION_CONTEXT ( 'automotive_design' ) ;
#1901 = ADVANCED_FACE ( 'NONE', ( #1592 ), #1277, .F. ) ;
#1902 = AXIS2_PLACEMENT_3D ( 'NONE', #1110, #303, #1441 ) ;
#1903 = DIRECTION ( 'NONE',  ( 1.000000000000000000, 0.0000000000000000000, 0.0000000000000000000 ) ) ;
#1904 = LINE ( 'NONE', #967, #637 ) ;
#1905 = CARTESIAN_POINT ( 'NONE',  ( -9.000000000000000000, 0.5000000000000000000, 6.049999999999999800 ) ) ;
#1906 = EDGE_CURVE ( 'NONE', #1701, #630, #2000, .T. ) ;
#1907 = LINE ( 'NONE', #1854, #1452 ) ;
#1908 = VERTEX_POINT ( 'NONE', #1610 ) ;
#1909 = FACE_OUTER_BOUND ( 'NONE', #55, .T. ) ;
#1910 = VERTEX_POINT ( 'NONE', #632 ) ;
#1911 = LINE ( 'NONE', #656, #1861 ) ;
#1912 = ADVANCED_FACE ( 'NONE', ( #554 ), #965, .F. ) ;
#1913 = ORIENTED_EDGE ( 'NONE', *, *, #173, .F. ) ;
#1914 = CARTESIAN_POINT ( 'NONE',  ( -3.950000000000000200, -3.500000000000000000, 5.580000000000000100 ) ) ;
#1915 = CARTESIAN_POINT ( 'NONE',  ( 12.05999999999999900, 0.5000000000000000000, 5.580000000000000100 ) ) ;
#1916 = DIRECTION ( 'NONE',  ( 0.0000000000000000000, 0.0000000000000000000, 1.000000000000000000 ) ) ;
#1917 = DIRECTION ( 'NONE',  ( 1.000000000000000000, 0.0000000000000000000, 0.0000000000000000000 ) ) ;
#1918 = ORIENTED_EDGE ( 'NONE', *, *, #375, .T. ) ;
#1919 = FACE_BOUND ( 'NONE', #593, .T. ) ;
#1920 = VECTOR ( 'NONE', #508, 1000.000000000000000 ) ;
#1921 = PLANE ( 'NONE',  #1772 ) ;
#1922 = ORIENTED_EDGE ( 'NONE', *, *, #2095, .T. ) ;
#1923 = CARTESIAN_POINT ( 'NONE',  ( 8.599999999999999600, 0.5000000000000000000, -6.049999999999999800 ) ) ;
#1924 = CARTESIAN_POINT ( 'NONE',  ( -12.00000000000000000, 0.5000000000000000000, 6.049999999999999800 ) ) ;
#1925 = EDGE_CURVE ( 'NONE', #1511, #773, #289, .T. ) ;
#1926 = DIRECTION ( 'NONE',  ( 1.000000000000000000, 3.061616997868404600E-017, 0.0000000000000000000 ) ) ;
#1927 = DIRECTION ( 'NONE',  ( 0.7071067811865474600, -0.7071067811865474600, 0.0000000000000000000 ) ) ;
#1928 = ORIENTED_EDGE ( 'NONE', *, *, #2089, .T. ) ;
#1929 = LINE ( 'NONE', #1420, #998 ) ;
#1930 = AXIS2_PLACEMENT_3D ( 'NONE', #229, #1201, #556 ) ;
#1931 = VECTOR ( 'NONE', #262, 1000.000000000000000 ) ;
#1932 = AXIS2_PLACEMENT_3D ( 'NONE', #1680, #1026, #43 ) ;
#1933 = DIRECTION ( 'NONE',  ( 1.000000000000000000, 0.0000000000000000000, 0.0000000000000000000 ) ) ;
#1934 = CARTESIAN_POINT ( 'NONE',  ( 1.129999999999999900, -3.500000000000000000, -5.580000000000000100 ) ) ;
#1935 = VECTOR ( 'NONE', #63, 1000.000000000000000 ) ;
#1936 = CARTESIAN_POINT ( 'NONE',  ( -4.450000000000000200, -3.500000000000000000, -5.580000000000000100 ) ) ;
#1937 = EDGE_CURVE ( 'NONE', #1155, #1865, #741, .T. ) ;
#1938 = ADVANCED_FACE ( 'NONE', ( #1556 ), #1794, .T. ) ;
#1939 = DIRECTION ( 'NONE',  ( -4.336808689942020200E-016, 0.0000000000000000000, -1.000000000000000000 ) ) ;
#1940 = ORIENTED_EDGE ( 'NONE', *, *, #1815, .F. ) ;
#1941 = EDGE_CURVE ( 'NONE', #145, #1300, #690, .T. ) ;
#1942 = CARTESIAN_POINT ( 'NONE',  ( -4.450000000000000200, 0.5000000000000000000, 5.580000000000000100 ) ) ;
#1943 = ORIENTED_EDGE ( 'NONE', *, *, #1421, .F. ) ;
#1944 = CARTESIAN_POINT ( 'NONE',  ( 12.05999999999999900, -3.500000000000000000, 5.580000000000000100 ) ) ;
#1945 = DIRECTION ( 'NONE',  ( 1.000000000000000000, 0.0000000000000000000, 0.0000000000000000000 ) ) ;
#1946 = PLANE ( 'NONE',  #1141 ) ;
#1947 = ORIENTED_EDGE ( 'NONE', *, *, #1560, .F. ) ;
#1948 = LINE ( 'NONE', #1468, #1497 ) ;
#1949 = ADVANCED_FACE ( 'NONE', ( #253 ), #1459, .T. ) ;
#1950 = CARTESIAN_POINT ( 'NONE',  ( 17.14000000000000100, -3.500000000000000000, -5.580000000000000100 ) ) ;
#1951 = DIRECTION ( 'NONE',  ( -1.000000000000000000, 0.0000000000000000000, 0.0000000000000000000 ) ) ;
#1952 = ORIENTED_EDGE ( 'NONE', *, *, #1593, .F. ) ;
#1953 = DIRECTION ( 'NONE',  ( 0.0000000000000000000, 0.0000000000000000000, -1.000000000000000000 ) ) ;
#1954 = CARTESIAN_POINT ( 'NONE',  ( -17.91999999999999800, -3.500000000000000000, 5.580000000000000100 ) ) ;
#1955 = DIRECTION ( 'NONE',  ( -1.000000000000000000, 0.0000000000000000000, 0.0000000000000000000 ) ) ;
#1956 = DIRECTION ( 'NONE',  ( 0.0000000000000000000, 0.0000000000000000000, 1.000000000000000000 ) ) ;
#1957 = EDGE_CURVE ( 'NONE', #332, #1283, #1509, .T. ) ;
#1958 = DIRECTION ( 'NONE',  ( 0.0000000000000000000, 1.000000000000000000, 0.0000000000000000000 ) ) ;
#1959 = DIRECTION ( 'NONE',  ( 0.0000000000000000000, -1.000000000000000000, 0.0000000000000000000 ) ) ;
#1960 = FACE_OUTER_BOUND ( 'NONE', #1008, .T. ) ;
#1961 = CARTESIAN_POINT ( 'NONE',  ( -3.950000000000000200, -3.500000000000000000, 4.580000000000000100 ) ) ;
#1962 = VECTOR ( 'NONE', #1553, 1000.000000000000100 ) ;
#1963 = EDGE_LOOP ( 'NONE', ( #962, #983, #1358, #1356 ) ) ;
#1964 = LINE ( 'NONE', #1417, #251 ) ;
#1965 = VERTEX_POINT ( 'NONE', #320 ) ;
#1966 = VECTOR ( 'NONE', #154, 1000.000000000000000 ) ;
#1967 = CARTESIAN_POINT ( 'NONE',  ( 11.10000000000000000, 6.123233995736810400E-017, -6.049999999999999800 ) ) ;
#1968 = EDGE_LOOP ( 'NONE', ( #1869, #1896, #1081, #1163 ) ) ;
#1969 = DIRECTION ( 'NONE',  ( 0.0000000000000000000, 1.000000000000000000, 0.0000000000000000000 ) ) ;
#1970 = DIRECTION ( 'NONE',  ( -1.000000000000000000, 0.0000000000000000000, 0.0000000000000000000 ) ) ;
#1971 = ORIENTED_EDGE ( 'NONE', *, *, #1436, .F. ) ;
#1972 = PLANE ( 'NONE',  #1820 ) ;
#1973 = ORIENTED_EDGE ( 'NONE', *, *, #1436, .T. ) ;
#1974 = AXIS2_PLACEMENT_3D ( 'NONE', #1284, #638, #1792 ) ;
#1975 = FACE_BOUND ( 'NONE', #290, .T. ) ;
#1976 = CARTESIAN_POINT ( 'NONE',  ( 8.599999999999999600, 0.5000000000000000000, -6.049999999999999800 ) ) ;
#1977 = EDGE_CURVE ( 'NONE', #218, #695, #1072, .T. ) ;
#1978 = VECTOR ( 'NONE', #659, 1000.000000000000000 ) ;
#1979 = ORIENTED_EDGE ( 'NONE', *, *, #211, .F. ) ;
#1980 = ORIENTED_EDGE ( 'NONE', *, *, #1707, .F. ) ;
#1981 = EDGE_CURVE ( 'NONE', #1166, #1642, #645, .T. ) ;
#1982 = DIRECTION ( 'NONE',  ( -1.000000000000000000, 0.0000000000000000000, 1.734723475976805100E-015 ) ) ;
#1983 = DIRECTION ( 'NONE',  ( 0.7071067811865450200, -0.7071067811865500200, 0.0000000000000000000 ) ) ;
#1984 = CARTESIAN_POINT ( 'NONE',  ( 17.14000000000000100, -3.500000000000000000, -5.580000000000000100 ) ) ;
#1985 = EDGE_CURVE ( 'NONE', #1908, #1872, #209, .T. ) ;
#1986 = ORIENTED_EDGE ( 'NONE', *, *, #552, .T. ) ;
#1987 = LINE ( 'NONE', #1415, #661 ) ;
#1988 = CARTESIAN_POINT ( 'NONE',  ( -18.41999999999999800, -3.500000000000000000, -5.580000000000000100 ) ) ;
#1989 = LINE ( 'NONE', #1078, #1931 ) ;
#1990 = EDGE_LOOP ( 'NONE', ( #1826, #549, #1877, #516, #2072, #1017, #50, #1478, #1787, #572, #1164, #902 ) ) ;
#1991 = PLANE ( 'NONE',  #1038 ) ;
#1992 = LINE ( 'NONE', #878, #1530 ) ;
#1993 = DIRECTION ( 'NONE',  ( -4.336808689942020200E-016, 0.0000000000000000000, 1.000000000000000000 ) ) ;
#1994 = DIRECTION ( 'NONE',  ( 0.0000000000000000000, 0.0000000000000000000, 1.000000000000000000 ) ) ;
#1995 = DIRECTION ( 'NONE',  ( -1.000000000000000000, 0.0000000000000000000, -1.734723475976805100E-015 ) ) ;
#1996 = ORIENTED_EDGE ( 'NONE', *, *, #1835, .F. ) ;
#1997 = CARTESIAN_POINT ( 'NONE',  ( 17.14000000000000100, -3.500000000000000000, 5.580000000000000100 ) ) ;
#1998 = ORIENTED_EDGE ( 'NONE', *, *, #905, .T. ) ;
#1999 = EDGE_CURVE ( 'NONE', #490, #1511, #1911, .T. ) ;
#2000 = LINE ( 'NONE', #1786, #722 ) ;
#2001 = CARTESIAN_POINT ( 'NONE',  ( -17.91999999999999800, 0.5000000000000000000, 4.580000000000000100 ) ) ;
#2002 = ORIENTED_EDGE ( 'NONE', *, *, #730, .T. ) ;
#2003 = VECTOR ( 'NONE', #988, 1000.000000000000000 ) ;
#2004 = DIRECTION ( 'NONE',  ( 0.0000000000000000000, 0.0000000000000000000, -1.000000000000000000 ) ) ;
#2005 = EDGE_LOOP ( 'NONE', ( #1236, #689, #1348, #206 ) ) ;
#2006 = AXIS2_PLACEMENT_3D ( 'NONE', #1235, #2076, #2083 ) ;
#2007 = DIRECTION ( 'NONE',  ( 0.0000000000000000000, 0.0000000000000000000, 1.000000000000000000 ) ) ;
#2008 = AXIS2_PLACEMENT_3D ( 'NONE', #810, #969, #2133 ) ;
#2009 = CARTESIAN_POINT ( 'NONE',  ( 0.0000000000000000000, -3.500000000000000000, 0.0000000000000000000 ) ) ;
#2010 = DIRECTION ( 'NONE',  ( 0.0000000000000000000, 0.0000000000000000000, 1.000000000000000000 ) ) ;
#2011 = VECTOR ( 'NONE', #286, 1000.000000000000000 ) ;
#2012 = LINE ( 'NONE', #2062, #1962 ) ;
#2013 = LINE ( 'NONE', #429, #688 ) ;
#2014 = ORIENTED_EDGE ( 'NONE', *, *, #364, .T. ) ;
#2015 = VECTOR ( 'NONE', #1969, 1000.000000000000000 ) ;
#2016 = CARTESIAN_POINT ( 'NONE',  ( -18.41999999999999800, -3.500000000000000000, -5.580000000000000100 ) ) ;
#2017 = VECTOR ( 'NONE', #1867, 1000.000000000000000 ) ;
#2018 = VERTEX_POINT ( 'NONE', #1142 ) ;
#2019 = CARTESIAN_POINT ( 'NONE',  ( -30.00000000000000000, 0.5000000000000000000, 6.500000000000000000 ) ) ;
#2020 = DIRECTION ( 'NONE',  ( -1.000000000000000000, 0.0000000000000000000, 0.0000000000000000000 ) ) ;
#2021 = ORIENTED_EDGE ( 'NONE', *, *, #837, .T. ) ;
#2022 = EDGE_CURVE ( 'NONE', #1544, #3, #976, .T. ) ;
#2023 = ORIENTED_EDGE ( 'NONE', *, *, #802, .T. ) ;
#2024 = CARTESIAN_POINT ( 'NONE',  ( -17.91999999999999800, -3.500000000000000000, -5.580000000000000100 ) ) ;
#2025 = ORIENTED_EDGE ( 'NONE', *, *, #1150, .T. ) ;
#2026 = LINE ( 'NONE', #374, #1184 ) ;
#2027 = DIRECTION ( 'NONE',  ( 0.0000000000000000000, 0.0000000000000000000, -1.000000000000000000 ) ) ;
#2028 = LINE ( 'NONE', #488, #265 ) ;
#2029 = ORIENTED_EDGE ( 'NONE', *, *, #1326, .T. ) ;
#2030 = ORIENTED_EDGE ( 'NONE', *, *, #1242, .T. ) ;
#2031 = DIRECTION ( 'NONE',  ( 1.000000000000000000, 0.0000000000000000000, 0.0000000000000000000 ) ) ;
#2032 = DIRECTION ( 'NONE',  ( 0.7071067811865475700, -0.7071067811865475700, 0.0000000000000000000 ) ) ;
#2033 = FACE_OUTER_BOUND ( 'NONE', #563, .T. ) ;
#2034 = VECTOR ( 'NONE', #1831, 1000.000000000000000 ) ;
#2035 = EDGE_CURVE ( 'NONE', #672, #1910, #1396, .T. ) ;
#2036 = EDGE_LOOP ( 'NONE', ( #993, #1231, #1700, #1373 ) ) ;
#2037 = VECTOR ( 'NONE', #852, 1000.000000000000000 ) ;
#2038 = FACE_OUTER_BOUND ( 'NONE', #1596, .T. ) ;
#2039 = AXIS2_PLACEMENT_3D ( 'NONE', #177, #502, #1648 ) ;
#2040 = SURFACE_STYLE_USAGE ( .BOTH. , #716 ) ;
#2041 = ORIENTED_EDGE ( 'NONE', *, *, #168, .F. ) ;
#2042 = DIRECTION ( 'NONE',  ( 0.0000000000000000000, 0.0000000000000000000, 1.000000000000000000 ) ) ;
#2043 = ORIENTED_EDGE ( 'NONE', *, *, #168, .T. ) ;
#2044 = EDGE_CURVE ( 'NONE', #896, #770, #107, .T. ) ;
#2045 = ORIENTED_EDGE ( 'NONE', *, *, #454, .F. ) ;
#2046 = DIRECTION ( 'NONE',  ( 0.0000000000000000000, 0.0000000000000000000, 1.000000000000000000 ) ) ;
#2047 = ORIENTED_EDGE ( 'NONE', *, *, #1888, .F. ) ;
#2048 = PLANE ( 'NONE',  #8 ) ;
#2049 = LINE ( 'NONE', #1461, #1206 ) ;
#2050 = EDGE_CURVE ( 'NONE', #966, #539, #1806, .T. ) ;
#2051 = ADVANCED_FACE ( 'NONE', ( #1749 ), #994, .F. ) ;
#2052 = AXIS2_PLACEMENT_3D ( 'NONE', #181, #1652, #1983 ) ;
#2053 = DIRECTION ( 'NONE',  ( 0.0000000000000000000, 1.000000000000000000, 0.0000000000000000000 ) ) ;
#2054 = ORIENTED_EDGE ( 'NONE', *, *, #692, .F. ) ;
#2055 = CARTESIAN_POINT ( 'NONE',  ( -3.950000000000000200, -3.500000000000000000, -5.580000000000000100 ) ) ;
#2056 = APPLICATION_CONTEXT ( 'automotive_design' ) ;
#2057 = DIRECTION ( 'NONE',  ( 0.0000000000000000000, 0.0000000000000000000, 1.000000000000000000 ) ) ;
#2058 = DIRECTION ( 'NONE',  ( 0.0000000000000000000, 1.000000000000000000, 0.0000000000000000000 ) ) ;
#2059 = EDGE_CURVE ( 'NONE', #899, #1908, #918, .T. ) ;
#2060 = LINE ( 'NONE', #1944, #1064 ) ;
#2061 = ADVANCED_FACE ( 'NONE', ( #433 ), #1651, .T. ) ;
#2062 = CARTESIAN_POINT ( 'NONE',  ( -9.000000000000000000, 0.5000000000000000000, 6.500000000000000000 ) ) ;
#2063 = VECTOR ( 'NONE', #1063, 1000.000000000000000 ) ;
#2064 = CARTESIAN_POINT ( 'NONE',  ( -17.91999999999999800, 0.5000000000000000000, -5.580000000000000100 ) ) ;
#2065 = PLANE ( 'NONE',  #568 ) ;
#2066 = ORIENTED_EDGE ( 'NONE', *, *, #2095, .F. ) ;
#2067 = EDGE_CURVE ( 'NONE', #750, #49, #159, .T. ) ;
#2068 = LINE ( 'NONE', #2073, #1616 ) ;
#2069 = VERTEX_POINT ( 'NONE', #1482 ) ;
#2070 = DIRECTION ( 'NONE',  ( 0.7071067811865450200, -0.7071067811865500200, 0.0000000000000000000 ) ) ;
#2071 = VERTEX_POINT ( 'NONE', #189 ) ;
#2072 = ORIENTED_EDGE ( 'NONE', *, *, #712, .T. ) ;
#2073 = CARTESIAN_POINT ( 'NONE',  ( -4.450000000000000200, -3.500000000000000000, 4.580000000000000100 ) ) ;
#2074 = AXIS2_PLACEMENT_3D ( 'NONE', #1210, #574, #1725 ) ;
#2075 = ADVANCED_FACE ( 'NONE', ( #2146 ), #1314, .T. ) ;
#2076 = DIRECTION ( 'NONE',  ( 1.301042606982605800E-016, 0.0000000000000000000, 1.000000000000000000 ) ) ;
#2077 = EDGE_LOOP ( 'NONE', ( #156, #1270, #855, #953 ) ) ;
#2078 = LINE ( 'NONE', #367, #751 ) ;
#2079 = ADVANCED_BREP_SHAPE_REPRESENTATION ( 'ag1s022', ( #69, #2074 ), #1061 ) ;
#2080 = FACE_OUTER_BOUND ( 'NONE', #94, .T. ) ;
#2081 = VERTEX_POINT ( 'NONE', #349 ) ;
#2082 = PLANE ( 'NONE',  #521 ) ;
#2083 = DIRECTION ( 'NONE',  ( 1.000000000000000000, 0.0000000000000000000, -1.301042606982605800E-016 ) ) ;
#2084 = EDGE_CURVE ( 'NONE', #25, #120, #1692, .T. ) ;
#2085 = CARTESIAN_POINT ( 'NONE',  ( 0.0000000000000000000, -3.500000000000000000, 0.0000000000000000000 ) ) ;
#2086 = FACE_OUTER_BOUND ( 'NONE', #1708, .T. ) ;
#2087 = CARTESIAN_POINT ( 'NONE',  ( 11.60000000000000000, 0.5000000000000000000, 6.049999999999999800 ) ) ;
#2088 = DIRECTION ( 'NONE',  ( 0.0000000000000000000, 0.0000000000000000000, 1.000000000000000000 ) ) ;
#2089 = EDGE_CURVE ( 'NONE', #1812, #413, #827, .T. ) ;
#2090 = LINE ( 'NONE', #694, #2143 ) ;
#2091 = ORIENTED_EDGE ( 'NONE', *, *, #1659, .F. ) ;
#2092 = LINE ( 'NONE', #769, #335 ) ;
#2093 = ORIENTED_EDGE ( 'NONE', *, *, #1712, .T. ) ;
#2094 = DIRECTION ( 'NONE',  ( 0.0000000000000000000, 0.0000000000000000000, 1.000000000000000000 ) ) ;
#2095 = EDGE_CURVE ( 'NONE', #270, #30, #1301, .T. ) ;
#2096 = CARTESIAN_POINT ( 'NONE',  ( -17.91999999999999800, -3.500000000000000000, 4.580000000000000100 ) ) ;
#2097 = EDGE_LOOP ( 'NONE', ( #551, #798, #1842, #1691 ) ) ;
#2098 = VERTEX_POINT ( 'NONE', #1498 ) ;
#2099 = CARTESIAN_POINT ( 'NONE',  ( 1.129999999999999900, 0.5000000000000000000, 5.580000000000000100 ) ) ;
#2100 = VECTOR ( 'NONE', #1262, 1000.000000000000000 ) ;
#2101 = CARTESIAN_POINT ( 'NONE',  ( 1.129999999999999900, -3.500000000000000000, -5.580000000000000100 ) ) ;
#2102 = ORIENTED_EDGE ( 'NONE', *, *, #467, .F. ) ;
#2103 = VECTOR ( 'NONE', #1121, 1000.000000000000000 ) ;
#2104 = CARTESIAN_POINT ( 'NONE',  ( -18.41999999999999800, 0.5000000000000000000, 4.580000000000000100 ) ) ;
#2105 = EDGE_CURVE ( 'NONE', #44, #949, #1643, .T. ) ;
#2106 = CARTESIAN_POINT ( 'NONE',  ( 0.0000000000000000000, 0.0000000000000000000, -6.049999999999999800 ) ) ;
#2107 = CARTESIAN_POINT ( 'NONE',  ( 11.60000000000000000, 0.5000000000000000000, 6.049999999999999800 ) ) ;
#2108 = DIRECTION ( 'NONE',  ( 1.000000000000000000, 3.061616997868404600E-017, 0.0000000000000000000 ) ) ;
#2109 = ADVANCED_FACE ( 'NONE', ( #333 ), #1847, .T. ) ;
#2110 = DIRECTION ( 'NONE',  ( 0.0000000000000000000, 0.0000000000000000000, -1.000000000000000000 ) ) ;
#2111 = VECTOR ( 'NONE', #1763, 1000.000000000000000 ) ;
#2112 = DIRECTION ( 'NONE',  ( -1.000000000000000000, 0.0000000000000000000, 1.301042606982605800E-016 ) ) ;
#2113 = CARTESIAN_POINT ( 'NONE',  ( -20.00000000000000000, 24.00000000000000000, -6.500000000000000000 ) ) ;
#2114 = LINE ( 'NONE', #398, #2063 ) ;
#2115 = DIRECTION ( 'NONE',  ( 0.0000000000000000000, 0.0000000000000000000, 1.000000000000000000 ) ) ;
#2116 = EDGE_LOOP ( 'NONE', ( #18, #464, #1035, #388 ) ) ;
#2117 = CARTESIAN_POINT ( 'NONE',  ( 12.56000000000000000, -3.500000000000000000, -4.580000000000000100 ) ) ;
#2118 = PLANE ( 'NONE',  #1010 ) ;
#2119 = EDGE_LOOP ( 'NONE', ( #1669, #1782, #1928, #471 ) ) ;
#2120 = ADVANCED_FACE ( 'NONE', ( #1581 ), #682, .T. ) ;
#2121 = DIRECTION ( 'NONE',  ( 1.000000000000000000, 0.0000000000000000000, 0.0000000000000000000 ) ) ;
#2122 = VERTEX_POINT ( 'NONE', #201 ) ;
#2123 = AXIS2_PLACEMENT_3D ( 'NONE', #1287, #1970, #970 ) ;
#2124 = CARTESIAN_POINT ( 'NONE',  ( 17.14000000000000100, -3.500000000000000000, -5.580000000000000100 ) ) ;
#2125 = ORIENTED_EDGE ( 'NONE', *, *, #905, .F. ) ;
#2126 = DIRECTION ( 'NONE',  ( 0.0000000000000000000, 0.0000000000000000000, -1.000000000000000000 ) ) ;
#2127 = CARTESIAN_POINT ( 'NONE',  ( 20.00000000000000000, 0.5000000000000000000, -6.500000000000000000 ) ) ;
#2128 = VERTEX_POINT ( 'NONE', #1047 ) ;
#2129 = LINE ( 'NONE', #528, #860 ) ;
#2130 = CARTESIAN_POINT ( 'NONE',  ( 11.10000000000000000, 6.123233995736810400E-017, -6.049999999999999800 ) ) ;
#2131 = FACE_OUTER_BOUND ( 'NONE', #1158, .T. ) ;
#2132 = EDGE_CURVE ( 'NONE', #1322, #1649, #1148, .T. ) ;
#2133 = DIRECTION ( 'NONE',  ( 0.0000000000000000000, 0.0000000000000000000, 1.000000000000000000 ) ) ;
#2134 = ORIENTED_EDGE ( 'NONE', *, *, #707, .F. ) ;
#2135 = PLANE ( 'NONE',  #202 ) ;
#2136 = DIRECTION ( 'NONE',  ( 0.7071067811865500200, 0.7071067811865450200, 0.0000000000000000000 ) ) ;
#2137 = DIRECTION ( 'NONE',  ( -1.000000000000000000, 0.0000000000000000000, 1.734723475976805100E-015 ) ) ;
#2138 = DIRECTION ( 'NONE',  ( 0.0000000000000000000, 0.0000000000000000000, 1.000000000000000000 ) ) ;
#2139 = CARTESIAN_POINT ( 'NONE',  ( -4.450000000000000200, -3.500000000000000000, -5.580000000000000100 ) ) ;
#2140 = CARTESIAN_POINT ( 'NONE',  ( 0.6300000000000000000, -3.500000000000000000, -5.580000000000000100 ) ) ;
#2141 = VECTOR ( 'NONE', #1917, 1000.000000000000000 ) ;
#2142 = CARTESIAN_POINT ( 'NONE',  ( -20.00000000000000000, 24.00000000000000000, 6.500000000000000000 ) ) ;
#2143 = VECTOR ( 'NONE', #2010, 1000.000000000000000 ) ;
#2144 = VECTOR ( 'NONE', #1487, 1000.000000000000000 ) ;
#2145 = EDGE_LOOP ( 'NONE', ( #881, #1784, #1003, #1305 ) ) ;
#2146 = FACE_OUTER_BOUND ( 'NONE', #1823, .T. ) ;
#2147 = DIRECTION ( 'NONE',  ( 1.000000000000000000, 0.0000000000000000000, 0.0000000000000000000 ) ) ;
#2148 = VECTOR ( 'NONE', #137, 1000.000000000000000 ) ;
#2149 = ORIENTED_EDGE ( 'NONE', *, *, #1727, .F. ) ;
#2150 = ORIENTED_EDGE ( 'NONE', *, *, #681, .T. ) ;
ENDSEC;
END-ISO-10303-21;
